sensor,sequence,timestamp_s
camera,0,0.00048630
camera,1,0.03300242
camera,2,0.06689402
camera,3,0.09976852
camera,4,0.13359249
camera,5,0.16620921
camera,6,0.20009991
camera,7,0.23294294
camera,8,0.26716553
camera,9,0.29976223
camera,10,0.33387628
camera,11,0.36638291
camera,12,0.40068667
camera,13,0.43293664
camera,14,0.46701157
camera,15,0.50021725
camera,16,0.53311172
camera,17,0.56683897
camera,18,0.59991557
camera,19,0.63318622
camera,20,0.66727904
camera,21,0.69980824
camera,22,0.73321416
camera,23,0.76634553
camera,24,0.80046340
camera,25,0.83325711
camera,26,0.86660930
camera,27,0.89921667
camera,28,0.93364154
camera,29,0.96705397
camera,30,0.99979157
camera,31,1.03339540
camera,32,1.06736833
camera,33,1.09999640
camera,34,1.13376772
camera,35,1.16683281
camera,36,1.19981092
camera,37,1.23322252
camera,38,1.26655503
camera,39,1.30003335
camera,40,1.33326936
camera,41,1.36736198
camera,42,1.39953326
camera,43,1.43374246
camera,44,1.46674613
camera,45,1.49934367
camera,46,1.53370898
camera,47,1.56723538
camera,48,1.59973661
camera,49,1.63276604
camera,50,1.66662831
camera,51,1.70014556
camera,52,1.73338652
camera,53,1.76693388
camera,54,1.80023085
camera,55,1.83313029
camera,56,1.86667550
camera,57,1.89983997
camera,58,1.93312788
camera,59,1.96703729
camera,60,1.99994253
camera,61,2.03389807
camera,62,2.06660185
camera,63,2.09987273
camera,64,2.13333481
camera,65,2.16719865
camera,66,2.20019784
camera,67,2.23362751
camera,68,2.26694123
camera,69,2.30016392
camera,70,2.33319005
camera,71,2.36680941
camera,72,2.39956163
camera,73,2.43291859
camera,74,2.46636704
camera,75,2.49989291
camera,76,2.53381523
camera,77,2.56584191
camera,78,2.60026152
camera,79,2.63324812
camera,80,2.66755495
camera,81,2.69986841
camera,82,2.73350201
camera,83,2.76700206
camera,84,2.79983658
camera,85,2.83352730
camera,86,2.86709434
camera,87,2.89967091
camera,88,2.93314194
camera,89,2.96649762
camera,90,2.99979067
camera,91,3.03375642
camera,92,3.06683837
camera,93,3.10010575
camera,94,3.13321065
camera,95,3.16644938
camera,96,3.19986837
camera,97,3.23373527
camera,98,3.26653796
camera,99,3.30004811
camera,100,3.33316311
camera,101,3.36641129
camera,102,3.40016257
camera,103,3.43295831
camera,104,3.46574604
camera,105,3.50013064
camera,106,3.53358602
camera,107,3.56686062
camera,108,3.59983566
camera,109,3.63336552
camera,110,3.66689694
camera,111,3.69992919
camera,112,3.73316923
camera,113,3.76721761
camera,114,3.79940534
camera,115,3.83293542
camera,116,3.86672944
camera,117,3.90016028
camera,118,3.93337144
camera,119,3.96686295
camera,120,4.00005989
camera,121,4.03352688
camera,122,4.06689160
camera,123,4.10034307
camera,124,4.13314157
camera,125,4.16681646
camera,126,4.20022588
camera,127,4.23342836
camera,128,4.26613164
camera,129,4.30021423
camera,130,4.33353307
camera,131,4.36613625
camera,132,4.40034328
camera,133,4.43330048
camera,134,4.46579339
camera,135,4.50026875
camera,136,4.53317188
camera,137,4.56663417
camera,138,4.59905834
camera,139,4.63315098
camera,140,4.66743868
camera,141,4.70015660
camera,142,4.73339261
camera,143,4.76672652
camera,144,4.79978510
camera,145,4.83338990
camera,146,4.86662497
camera,147,4.89989997
camera,148,4.93345517
camera,149,4.96649502
camera,150,5.00003211
camera,151,5.03278502
camera,152,5.06614785
camera,153,5.10028163
camera,154,5.13347621
camera,155,5.16671936
camera,156,5.20040436
camera,157,5.23308692
camera,158,5.26649034
camera,159,5.29979554
camera,160,5.33350482
camera,161,5.36600334
camera,162,5.39964562
camera,163,5.43297482
camera,164,5.46674613
camera,165,5.49996664
camera,166,5.53350730
camera,167,5.56676985
camera,168,5.59931623
camera,169,5.63360943
camera,170,5.66616347
camera,171,5.70057960
camera,172,5.73338012
camera,173,5.76659329
camera,174,5.80018486
camera,175,5.83326141
camera,176,5.86637706
camera,177,5.89992200
camera,178,5.93375676
camera,179,5.96580018
camera,180,5.99954877
camera,181,6.03371504
camera,182,6.06679526
camera,183,6.09970974
camera,184,6.13365890
camera,185,6.16689246
camera,186,6.19969001
camera,187,6.23360255
camera,188,6.26727596
camera,189,6.29953835
camera,190,6.33264255
camera,191,6.36642543
camera,192,6.40001569
camera,193,6.43401117
camera,194,6.46646088
camera,195,6.49975640
camera,196,6.53350257
camera,197,6.56721457
camera,198,6.60025243
camera,199,6.63379461
camera,200,6.66738277
camera,201,6.69946111
camera,202,6.73387459
camera,203,6.76690633
camera,204,6.80039755
camera,205,6.83367787
camera,206,6.86688728
camera,207,6.90007732
camera,208,6.93375694
camera,209,6.96635525
camera,210,7.00012801
camera,211,7.03403076
camera,212,7.06718774
camera,213,7.10039189
camera,214,7.13301311
camera,215,7.16625152
camera,216,7.20013209
camera,217,7.23346639
camera,218,7.26671987
camera,219,7.29980626
camera,220,7.33324294
camera,221,7.36623684
camera,222,7.40006244
camera,223,7.43306236
camera,224,7.46707857
camera,225,7.50017972
camera,226,7.53307022
camera,227,7.56677153
camera,228,7.60016368
camera,229,7.63325695
camera,230,7.66626288
camera,231,7.69951685
camera,232,7.73313125
camera,233,7.76700211
camera,234,7.79961587
camera,235,7.83293468
camera,236,7.86680345
camera,237,7.90008025
camera,238,7.93328324
camera,239,7.96637194
camera,240,8.00025414
camera,241,8.03306206
camera,242,8.06663635
camera,243,8.09964942
camera,244,8.13333963
camera,245,8.16661405
camera,246,8.20009413
camera,247,8.23276541
camera,248,8.26632965
camera,249,8.30022121
camera,250,8.33288237
camera,251,8.36692923
camera,252,8.39980261
camera,253,8.43379136
camera,254,8.46639111
camera,255,8.50005825
camera,256,8.53386477
camera,257,8.56713163
camera,258,8.59992579
camera,259,8.63362108
camera,260,8.66670521
camera,261,8.70038315
camera,262,8.73397179
camera,263,8.76697837
camera,264,8.79952401
camera,265,8.83365640
camera,266,8.86716504
camera,267,8.89978686
camera,268,8.93246772
camera,269,8.96609040
camera,270,8.99993972
camera,271,9.03312365
camera,272,9.06708477
camera,273,9.10001122
camera,274,9.13320572
camera,275,9.16678256
camera,276,9.20037507
camera,277,9.23380545
camera,278,9.26708972
camera,279,9.29999409
camera,280,9.33337924
camera,281,9.36636251
camera,282,9.40030036
camera,283,9.43335405
camera,284,9.46626493
camera,285,9.50028482
camera,286,9.53316176
camera,287,9.56719213
camera,288,9.60015150
camera,289,9.63350593
camera,290,9.66684923
camera,291,9.69952900
camera,292,9.73342573
camera,293,9.76717675
camera,294,9.80017230
camera,295,9.83312505
camera,296,9.86627929
camera,297,9.90029621
camera,298,9.93387643
camera,299,9.96610851
camera,300,10.00083958
camera,301,10.03367506
camera,302,10.06781635
camera,303,10.09980154
camera,304,10.13274702
camera,305,10.16648299
camera,306,10.20005995
camera,307,10.23316731
camera,308,10.26664040
camera,309,10.30052810
camera,310,10.33370479
camera,311,10.36596499
camera,312,10.40011598
camera,313,10.43311072
camera,314,10.46616255
camera,315,10.50032457
camera,316,10.53304631
camera,317,10.56670151
camera,318,10.60022715
camera,319,10.63334256
camera,320,10.66678298
camera,321,10.70053547
camera,322,10.73380521
camera,323,10.76653539
camera,324,10.79952188
camera,325,10.83321347
camera,326,10.86637783
camera,327,10.89960939
camera,328,10.93354089
camera,329,10.96640360
camera,330,10.99970346
camera,331,11.03334059
camera,332,11.06655567
camera,333,11.09966502
camera,334,11.13286778
camera,335,11.16676056
camera,336,11.20002693
camera,337,11.23330912
camera,338,11.26678993
camera,339,11.30024286
camera,340,11.33265201
camera,341,11.36615702
camera,342,11.39957925
camera,343,11.43377705
camera,344,11.46709773
camera,345,11.49954879
camera,346,11.53347427
camera,347,11.56682709
camera,348,11.60063754
camera,349,11.63292877
camera,350,11.66678724
camera,351,11.69989578
camera,352,11.73313109
camera,353,11.76657775
camera,354,11.80025290
camera,355,11.83271794
camera,356,11.86668928
camera,357,11.90013066
camera,358,11.93275226
camera,359,11.96627073
camera,360,12.00025873
camera,361,12.03348430
camera,362,12.06694418
camera,363,12.09963173
camera,364,12.13354387
camera,365,12.16694742
camera,366,12.20019809
camera,367,12.23340526
camera,368,12.26664379
camera,369,12.29997119
camera,370,12.33266759
camera,371,12.36668273
camera,372,12.40008852
camera,373,12.43381597
camera,374,12.46660087
camera,375,12.50042696
camera,376,12.53263561
camera,377,12.56680618
camera,378,12.59988313
camera,379,12.63324718
camera,380,12.66676146
camera,381,12.69970828
camera,382,12.73344287
camera,383,12.76621296
camera,384,12.79984720
camera,385,12.83373926
camera,386,12.86691006
camera,387,12.90043821
camera,388,12.93348943
camera,389,12.96701147
camera,390,13.00009042
camera,391,13.03348266
camera,392,13.06693599
camera,393,13.09925858
camera,394,13.13377324
camera,395,13.16635198
camera,396,13.19960303
camera,397,13.23326318
camera,398,13.26651197
camera,399,13.30017172
camera,400,13.33341605
camera,401,13.36712386
camera,402,13.40022339
camera,403,13.43281831
camera,404,13.46700906
camera,405,13.49986344
camera,406,13.53352166
camera,407,13.56645708
camera,408,13.59973822
camera,409,13.63282211
camera,410,13.66633557
camera,411,13.69963757
camera,412,13.73320303
camera,413,13.76674075
camera,414,13.80034758
camera,415,13.83318283
camera,416,13.86698422
camera,417,13.90064236
camera,418,13.93332165
camera,419,13.96671246
camera,420,14.00100753
camera,421,14.03342188
camera,422,14.06688941
camera,423,14.09964371
camera,424,14.13301280
camera,425,14.16686502
camera,426,14.20020943
camera,427,14.23336318
camera,428,14.26617334
camera,429,14.30004109
camera,430,14.33359984
camera,431,14.36602914
camera,432,14.39944240
camera,433,14.43339817
camera,434,14.46674852
camera,435,14.50015364
camera,436,14.53327247
camera,437,14.56647449
camera,438,14.60010491
camera,439,14.63335908
camera,440,14.66637651
camera,441,14.70043713
camera,442,14.73305663
camera,443,14.76626277
camera,444,14.79980600
camera,445,14.83360123
camera,446,14.86675972
camera,447,14.90001685
camera,448,14.93368210
camera,449,14.96608348
camera,450,14.99961800
camera,451,15.03262953
camera,452,15.06652948
camera,453,15.09960147
camera,454,15.13363657
camera,455,15.16678223
camera,456,15.20014844
camera,457,15.23274050
camera,458,15.26733171
camera,459,15.30015604
camera,460,15.33233711
camera,461,15.36640717
camera,462,15.39992511
camera,463,15.43345796
camera,464,15.46707962
camera,465,15.49986195
camera,466,15.53334179
camera,467,15.56667745
camera,468,15.59973619
camera,469,15.63312235
camera,470,15.66688709
camera,471,15.69970867
camera,472,15.73297031
camera,473,15.76596781
camera,474,15.79977071
camera,475,15.83346841
camera,476,15.86671756
camera,477,15.89997972
camera,478,15.93353849
camera,479,15.96651583
camera,480,16.00004375
camera,481,16.03359609
camera,482,16.06624944
camera,483,16.09970524
camera,484,16.13283797
camera,485,16.16681343
camera,486,16.19970077
camera,487,16.23383463
camera,488,16.26675545
camera,489,16.30053764
camera,490,16.33270326
camera,491,16.36676067
camera,492,16.39924261
camera,493,16.43255285
camera,494,16.46644936
camera,495,16.50052207
camera,496,16.53303940
camera,497,16.56661228
camera,498,16.60075047
camera,499,16.63336573
camera,500,16.66662320
camera,501,16.69981511
camera,502,16.73334399
camera,503,16.76708238
camera,504,16.80006007
camera,505,16.83364295
camera,506,16.86641115
camera,507,16.89985130
camera,508,16.93418446
camera,509,16.96681422
camera,510,17.00005605
camera,511,17.03316783
camera,512,17.06713194
camera,513,17.09933463
camera,514,17.13368685
camera,515,17.16648267
camera,516,17.19934273
camera,517,17.23339810
camera,518,17.26678247
camera,519,17.30010126
camera,520,17.33326750
camera,521,17.36641821
camera,522,17.40001653
camera,523,17.43348755
camera,524,17.46634291
camera,525,17.50021744
camera,526,17.53322292
camera,527,17.56656870
camera,528,17.59961787
camera,529,17.63377357
camera,530,17.66663727
camera,531,17.69951805
camera,532,17.73318142
camera,533,17.76690096
camera,534,17.80028558
camera,535,17.83354288
camera,536,17.86601815
camera,537,17.90021928
camera,538,17.93345045
camera,539,17.96617606
camera,540,18.00009798
camera,541,18.03297167
camera,542,18.06611788
camera,543,18.09996512
camera,544,18.13395481
camera,545,18.16647767
camera,546,18.20049273
camera,547,18.23302180
camera,548,18.26667118
camera,549,18.30053474
camera,550,18.33330205
camera,551,18.36668143
camera,552,18.39996552
camera,553,18.43306970
camera,554,18.46586054
camera,555,18.50000397
camera,556,18.53312963
camera,557,18.56735714
camera,558,18.60007228
camera,559,18.63291857
camera,560,18.66616284
camera,561,18.70037429
camera,562,18.73361119
camera,563,18.76677355
camera,564,18.80001088
camera,565,18.83303807
camera,566,18.86674373
camera,567,18.90017026
camera,568,18.93321877
camera,569,18.96675518
camera,570,19.00090956
camera,571,19.03333693
camera,572,19.06678434
camera,573,19.09986199
camera,574,19.13324667
camera,575,19.16656088
camera,576,19.20011067
camera,577,19.23366660
camera,578,19.26627564
camera,579,19.30018529
camera,580,19.33352335
camera,581,19.36641300
camera,582,19.39981302
camera,583,19.43372896
camera,584,19.46656204
camera,585,19.50066754
camera,586,19.53297837
camera,587,19.56641117
camera,588,19.60029368
camera,589,19.63288749
camera,590,19.66686288
camera,591,19.70006062
camera,592,19.73376840
camera,593,19.76684373
camera,594,19.80003239
camera,595,19.83326789
camera,596,19.86648783
camera,597,19.90006693
camera,598,19.93311781
camera,599,19.96639993
camera,600,19.99999624
camera,601,20.03323299
camera,602,20.06710808
camera,603,20.09999710
camera,604,20.13365944
camera,605,20.16617990
camera,606,20.20007928
camera,607,20.23320967
camera,608,20.26624961
camera,609,20.30037360
camera,610,20.33326898
camera,611,20.36659382
camera,612,20.39983648
camera,613,20.43298325
camera,614,20.46679544
camera,615,20.50029476
camera,616,20.53407590
camera,617,20.56672020
camera,618,20.60001946
camera,619,20.63397263
camera,620,20.66662938
camera,621,20.70026670
camera,622,20.73328452
camera,623,20.76614981
camera,624,20.80033239
camera,625,20.83320640
camera,626,20.86701366
camera,627,20.89989870
camera,628,20.93301333
camera,629,20.96684772
camera,630,20.99988699
camera,631,21.03356806
camera,632,21.06626280
camera,633,21.10089345
camera,634,21.13330508
camera,635,21.16726731
camera,636,21.19989590
camera,637,21.23336944
camera,638,21.26635591
camera,639,21.30057918
camera,640,21.33305592
camera,641,21.36656336
camera,642,21.39920200
camera,643,21.43268586
camera,644,21.46633582
camera,645,21.49940142
camera,646,21.53337971
camera,647,21.56709292
camera,648,21.59973239
camera,649,21.63310147
camera,650,21.66695101
camera,651,21.70085233
camera,652,21.73310901
camera,653,21.76641171
camera,654,21.79946343
camera,655,21.83336077
camera,656,21.86721295
camera,657,21.89987234
camera,658,21.93298865
camera,659,21.96609153
camera,660,21.99980191
camera,661,22.03325972
camera,662,22.06615911
camera,663,22.09991850
camera,664,22.13341563
camera,665,22.16699840
camera,666,22.19956780
camera,667,22.23348407
camera,668,22.26688614
camera,669,22.30045570
camera,670,22.33291999
camera,671,22.36645749
camera,672,22.40010205
camera,673,22.43339061
camera,674,22.46654756
camera,675,22.50039730
camera,676,22.53317699
camera,677,22.56657121
camera,678,22.59974212
camera,679,22.63396749
camera,680,22.66658573
camera,681,22.69995411
camera,682,22.73377733
camera,683,22.76651468
camera,684,22.80051843
camera,685,22.83289172
camera,686,22.86688909
camera,687,22.89938162
camera,688,22.93366787
camera,689,22.96685409
camera,690,23.00030800
camera,691,23.03332931
camera,692,23.06699984
camera,693,23.10044610
camera,694,23.13279555
camera,695,23.16693384
camera,696,23.19970929
camera,697,23.23262978
camera,698,23.26677544
camera,699,23.30002551
camera,700,23.33329546
camera,701,23.36569932
camera,702,23.39982545
camera,703,23.43356755
camera,704,23.46704469
camera,705,23.50022338
camera,706,23.53364782
camera,707,23.56667997
camera,708,23.59994299
camera,709,23.63397412
camera,710,23.66663239
camera,711,23.70010982
camera,712,23.73360158
camera,713,23.76696900
camera,714,23.79956132
camera,715,23.83268649
camera,716,23.86684400
camera,717,23.89989542
camera,718,23.93372330
camera,719,23.96658293
camera,720,24.00021423
camera,721,24.03377802
camera,722,24.06716726
camera,723,24.09930017
camera,724,24.13301224
camera,725,24.16732864
camera,726,24.19992307
camera,727,24.23370012
camera,728,24.26680076
camera,729,24.29965333
camera,730,24.33342479
camera,731,24.36678704
camera,732,24.39973488
camera,733,24.43338264
camera,734,24.46696845
camera,735,24.50042125
camera,736,24.53316580
camera,737,24.56690265
camera,738,24.60002508
camera,739,24.63326615
camera,740,24.66633799
camera,741,24.69999568
camera,742,24.73330628
camera,743,24.76653668
camera,744,24.80025152
camera,745,24.83328673
camera,746,24.86698986
camera,747,24.90042398
camera,748,24.93349001
camera,749,24.96652473
camera,750,24.99956934
camera,751,25.03317257
camera,752,25.06709844
camera,753,25.10028887
camera,754,25.13254046
camera,755,25.16682468
camera,756,25.20033751
camera,757,25.23340332
camera,758,25.26673156
camera,759,25.29985556
camera,760,25.33332216
camera,761,25.36683326
camera,762,25.39983527
camera,763,25.43373188
camera,764,25.46673652
camera,765,25.50023479
camera,766,25.53334141
camera,767,25.56653438
camera,768,25.60020462
camera,769,25.63354574
camera,770,25.66741867
camera,771,25.69999858
camera,772,25.73344649
camera,773,25.76646233
camera,774,25.79992452
camera,775,25.83335008
camera,776,25.86631407
camera,777,25.89961220
camera,778,25.93368713
camera,779,25.96599101
camera,780,26.00022399
camera,781,26.03336950
camera,782,26.06645607
camera,783,26.10016991
camera,784,26.13304314
camera,785,26.16672736
camera,786,26.19973350
camera,787,26.23278811
camera,788,26.26590730
camera,789,26.30002318
camera,790,26.33285520
camera,791,26.36641498
camera,792,26.40017620
camera,793,26.43350932
camera,794,26.46683582
camera,795,26.49945189
camera,796,26.53282362
camera,797,26.56614371
camera,798,26.60043528
camera,799,26.63367189
camera,800,26.66678147
camera,801,26.70009238
camera,802,26.73353127
camera,803,26.76616788
camera,804,26.80023235
camera,805,26.83337167
camera,806,26.86727433
camera,807,26.90007948
camera,808,26.93391279
camera,809,26.96663353
camera,810,27.00066624
camera,811,27.03354776
camera,812,27.06666974
camera,813,27.10003228
camera,814,27.13296186
camera,815,27.16648432
camera,816,27.20026161
camera,817,27.23335499
camera,818,27.26647254
camera,819,27.30027998
camera,820,27.33350254
camera,821,27.36660694
camera,822,27.39990104
camera,823,27.43402272
camera,824,27.46628736
camera,825,27.50011969
camera,826,27.53358038
camera,827,27.56660000
camera,828,27.59960071
camera,829,27.63340867
camera,830,27.66737509
camera,831,27.70003057
camera,832,27.73368837
camera,833,27.76659229
camera,834,27.80049029
camera,835,27.83396010
camera,836,27.86663441
camera,837,27.90013559
camera,838,27.93326961
camera,839,27.96653442
camera,840,28.00019610
camera,841,28.03415154
camera,842,28.06714957
camera,843,28.10028308
camera,844,28.13339139
camera,845,28.16664210
camera,846,28.20009020
camera,847,28.23358154
camera,848,28.26653147
camera,849,28.29914736
camera,850,28.33343980
camera,851,28.36675595
camera,852,28.39981755
camera,853,28.43326247
camera,854,28.46684344
camera,855,28.50062240
camera,856,28.53315123
camera,857,28.56610025
camera,858,28.60021614
camera,859,28.63294453
camera,860,28.66667905
camera,861,28.69971285
camera,862,28.73344556
camera,863,28.76742194
camera,864,28.79959855
camera,865,28.83339780
camera,866,28.86656582
camera,867,28.89968595
camera,868,28.93313800
camera,869,28.96689582
camera,870,29.00026383
camera,871,29.03333642
camera,872,29.06720295
camera,873,29.10017809
camera,874,29.13277010
camera,875,29.16718962
camera,876,29.19994692
camera,877,29.23334120
camera,878,29.26665892
camera,879,29.29937984
camera,880,29.33344935
camera,881,29.36644642
camera,882,29.39949083
camera,883,29.43344773
camera,884,29.46717462
camera,885,29.49993231
camera,886,29.53340406
camera,887,29.56686012
camera,888,29.59971363
camera,889,29.63337615
camera,890,29.66627444
camera,891,29.69988327
camera,892,29.73240284
camera,893,29.76714142
camera,894,29.79978714
camera,895,29.83301190
camera,896,29.86652913
camera,897,29.89978373
camera,898,29.93294209
camera,899,29.96675360
lidar,0,0.00099616
lidar,1,0.09976196
lidar,2,0.20051658
lidar,3,0.30036416
lidar,4,0.40016145
lidar,5,0.50051078
lidar,6,0.60093116
lidar,7,0.70157096
lidar,8,0.80081647
lidar,9,0.90138942
lidar,10,1.00116317
lidar,11,1.09955720
lidar,12,1.20124730
lidar,13,1.30090942
lidar,14,1.40059239
lidar,15,1.50090921
lidar,16,1.60122598
lidar,17,1.69936903
lidar,18,1.79963765
lidar,19,1.90082468
lidar,20,2.00252515
lidar,21,2.10053541
lidar,22,2.20051049
lidar,23,2.30199961
lidar,24,2.40006111
lidar,25,2.50134274
lidar,26,2.60130256
lidar,27,2.70062992
lidar,28,2.80140783
lidar,29,2.90114643
lidar,30,2.99976751
lidar,31,3.10081448
lidar,32,3.20052706
lidar,33,3.29988027
lidar,34,3.40140260
lidar,35,3.50058983
lidar,36,3.60099241
lidar,37,3.69949684
lidar,38,3.80086647
lidar,39,3.90156782
lidar,40,3.99940609
lidar,41,4.10156875
lidar,42,4.20096118
lidar,43,4.30118261
lidar,44,4.40075001
lidar,45,4.50087657
lidar,46,4.60007287
lidar,47,4.70133197
lidar,48,4.80071638
lidar,49,4.90016432
lidar,50,5.00095697
lidar,51,5.09943218
lidar,52,5.20009595
lidar,53,5.30083544
lidar,54,5.40136497
lidar,55,5.50019371
lidar,56,5.60050913
lidar,57,5.70056695
lidar,58,5.80102193
lidar,59,5.90056874
lidar,60,6.00059128
lidar,61,6.10223494
lidar,62,6.20043127
lidar,63,6.29991549
lidar,64,6.39936891
lidar,65,6.50022146
lidar,66,6.60069235
lidar,67,6.70083658
lidar,68,6.80156129
lidar,69,6.90131933
lidar,70,6.99966816
lidar,71,7.10066981
lidar,72,7.20066603
lidar,73,7.30130376
lidar,74,7.40092952
lidar,75,7.50162104
lidar,76,7.60177670
lidar,77,7.70076742
lidar,78,7.80204349
lidar,79,7.90117814
lidar,80,8.00119646
lidar,81,8.10213718
lidar,82,8.19978051
lidar,83,8.30064060
lidar,84,8.40101412
lidar,85,8.50056194
lidar,86,8.60212860
lidar,87,8.69926323
lidar,88,8.80176464
lidar,89,8.90140945
lidar,90,9.00079491
lidar,91,9.10173983
lidar,92,9.20019890
lidar,93,9.30026989
lidar,94,9.40155897
lidar,95,9.50036888
lidar,96,9.60114968
lidar,97,9.70173364
lidar,98,9.80052848
lidar,99,9.90152786
lidar,100,10.00181760
lidar,101,10.10062074
lidar,102,10.20233825
lidar,103,10.30098350
lidar,104,10.40082927
lidar,105,10.50095058
lidar,106,10.60033314
lidar,107,10.69999654
lidar,108,10.80060381
lidar,109,10.90031275
lidar,110,10.99978578
lidar,111,11.10023229
lidar,112,11.20116806
lidar,113,11.30074932
lidar,114,11.39996608
lidar,115,11.50066887
lidar,116,11.60141070
lidar,117,11.69930567
lidar,118,11.80155779
lidar,119,11.90106900
lidar,120,12.00083179
lidar,121,12.10142465
lidar,122,12.20219120
lidar,123,12.29935686
lidar,124,12.40032626
lidar,125,12.50084188
lidar,126,12.60055279
lidar,127,12.70085203
lidar,128,12.80193296
lidar,129,12.90037413
lidar,130,12.99996680
lidar,131,13.09926696
lidar,132,13.20107885
lidar,133,13.30085731
lidar,134,13.40118998
lidar,135,13.49976640
lidar,136,13.59945296
lidar,137,13.70100883
lidar,138,13.80065878
lidar,139,13.90129144
lidar,140,14.00054404
lidar,141,14.10074430
lidar,142,14.20105682
lidar,143,14.30175594
lidar,144,14.40189859
lidar,145,14.50198409
lidar,146,14.60081685
lidar,147,14.70089297
lidar,148,14.80036736
lidar,149,14.89961723
lidar,150,15.00016441
lidar,151,15.10072790
lidar,152,15.20027188
lidar,153,15.30144954
lidar,154,15.40036885
lidar,155,15.50199511
lidar,156,15.60086689
lidar,157,15.69972449
lidar,158,15.80063147
lidar,159,15.90068990
lidar,160,15.99981638
lidar,161,16.10030205
lidar,162,16.20259054
lidar,163,16.30162351
lidar,164,16.40047825
lidar,165,16.50128345
lidar,166,16.60010991
lidar,167,16.70072392
lidar,168,16.80073823
lidar,169,16.90133112
lidar,170,17.00190683
lidar,171,17.10022900
lidar,172,17.20120565
lidar,173,17.30239997
lidar,174,17.40215330
lidar,175,17.50066639
lidar,176,17.60056867
lidar,177,17.70147883
lidar,178,17.80114727
lidar,179,17.90087777
lidar,180,17.99985217
lidar,181,18.10084414
lidar,182,18.19947393
lidar,183,18.30192000
lidar,184,18.39991100
lidar,185,18.50094280
lidar,186,18.60075792
lidar,187,18.70029599
lidar,188,18.80040983
lidar,189,18.90105485
lidar,190,19.00172063
lidar,191,19.09979287
lidar,192,19.20098633
lidar,193,19.30036469
lidar,194,19.40109524
lidar,195,19.50072576
lidar,196,19.60054487
lidar,197,19.70129070
lidar,198,19.80042627
lidar,199,19.90014300
lidar,200,20.00024525
lidar,201,20.10039408
lidar,202,20.20109850
lidar,203,20.30052644
lidar,204,20.40007552
lidar,205,20.50033177
lidar,206,20.60068280
lidar,207,20.70071551
lidar,208,20.79957757
lidar,209,20.90204613
lidar,210,21.00064542
lidar,211,21.10043009
lidar,212,21.20021381
lidar,213,21.29956306
lidar,214,21.40101022
lidar,215,21.50143658
lidar,216,21.60033385
lidar,217,21.70169656
lidar,218,21.80183264
lidar,219,21.90168267
lidar,220,22.00117899
lidar,221,22.10123548
lidar,222,22.20159326
lidar,223,22.30027346
lidar,224,22.40051017
lidar,225,22.50269315
lidar,226,22.60080758
lidar,227,22.70084231
lidar,228,22.80148258
lidar,229,22.90155554
lidar,230,22.99974024
lidar,231,23.10162848
lidar,232,23.20151194
lidar,233,23.30020648
lidar,234,23.39994426
lidar,235,23.50058132
lidar,236,23.59985829
lidar,237,23.70031835
lidar,238,23.80055956
lidar,239,23.89998890
lidar,240,24.00072245
lidar,241,24.10096198
lidar,242,24.20021184
lidar,243,24.30035506
lidar,244,24.39944869
lidar,245,24.49998665
lidar,246,24.60055329
lidar,247,24.70132966
lidar,248,24.80077920
lidar,249,24.89966658
lidar,250,25.00131254
lidar,251,25.10095515
lidar,252,25.20128812
lidar,253,25.30022145
lidar,254,25.40164051
lidar,255,25.50089448
lidar,256,25.60050646
lidar,257,25.69995030
lidar,258,25.80140037
lidar,259,25.90083220
lidar,260,26.00188297
lidar,261,26.10141089
lidar,262,26.20061111
lidar,263,26.30030109
lidar,264,26.40081562
lidar,265,26.50160550
lidar,266,26.60081259
lidar,267,26.70174946
lidar,268,26.80023183
lidar,269,26.90035454
lidar,270,27.00087426
lidar,271,27.10091099
lidar,272,27.20106418
lidar,273,27.30089225
lidar,274,27.40047344
lidar,275,27.50106006
lidar,276,27.60234713
lidar,277,27.70076702
lidar,278,27.80082283
lidar,279,27.89951126
lidar,280,28.00033860
lidar,281,28.10092279
lidar,282,28.20019160
lidar,283,28.30159789
lidar,284,28.39984587
lidar,285,28.49970620
lidar,286,28.60071132
lidar,287,28.70060651
lidar,288,28.80063268
lidar,289,28.90014907
lidar,290,29.00113228
lidar,291,29.09986291
lidar,292,29.20104079
lidar,293,29.30178173
lidar,294,29.40103636
lidar,295,29.49981393
lidar,296,29.60117517
lidar,297,29.70025408
lidar,298,29.80206249
lidar,299,29.90040624
imu,0,0.00001517
imu,1,0.01003302
imu,2,0.02004035
imu,3,0.02999754
imu,4,0.04006031
imu,5,0.04998281
imu,6,0.06013312
imu,7,0.06996808
imu,8,0.07991478
imu,9,0.09006268
imu,10,0.09984836
imu,11,0.11001236
imu,12,0.11987867
imu,13,0.13005519
imu,14,0.14001981
imu,15,0.15003220
imu,16,0.15991890
imu,17,0.16998603
imu,18,0.18007903
imu,19,0.18987513
imu,20,0.19991540
imu,21,0.21005977
imu,22,0.22012522
imu,23,0.23010740
imu,24,0.24018334
imu,25,0.24990406
imu,26,0.25999876
imu,27,0.26999731
imu,28,0.27988417
imu,29,0.29003725
imu,30,0.29995864
imu,31,0.30984112
imu,32,0.31992727
imu,33,0.33000011
imu,34,0.34012310
imu,35,0.35006691
imu,36,0.36004972
imu,37,0.36986265
imu,38,0.38005191
imu,39,0.38992109
imu,40,0.40009840
imu,41,0.41002879
imu,42,0.41984527
imu,43,0.42995386
imu,44,0.43999580
imu,45,0.45003914
imu,46,0.46011209
imu,47,0.46991387
imu,48,0.48012737
imu,49,0.48997656
imu,50,0.49989520
imu,51,0.50993022
imu,52,0.51999286
imu,53,0.52999120
imu,54,0.53996178
imu,55,0.55005233
imu,56,0.55997256
imu,57,0.56999601
imu,58,0.57998586
imu,59,0.59014690
imu,60,0.59991370
imu,61,0.61002015
imu,62,0.61988429
imu,63,0.62997364
imu,64,0.63990778
imu,65,0.64997810
imu,66,0.65996328
imu,67,0.66989474
imu,68,0.68000383
imu,69,0.69018387
imu,70,0.70002622
imu,71,0.71002407
imu,72,0.72024080
imu,73,0.73012761
imu,74,0.74009077
imu,75,0.75000560
imu,76,0.76001839
imu,77,0.76991950
imu,78,0.78004972
imu,79,0.78995344
imu,80,0.80004341
imu,81,0.80999105
imu,82,0.81999378
imu,83,0.83002652
imu,84,0.83987596
imu,85,0.85002079
imu,86,0.86001478
imu,87,0.86994574
imu,88,0.88009075
imu,89,0.89001787
imu,90,0.89995990
imu,91,0.91009534
imu,92,0.92013046
imu,93,0.92990840
imu,94,0.93996180
imu,95,0.94994975
imu,96,0.96001509
imu,97,0.97000288
imu,98,0.98004885
imu,99,0.99001734
imu,100,0.99985452
imu,101,1.01009030
imu,102,1.02003488
imu,103,1.02996749
imu,104,1.04003613
imu,105,1.05002248
imu,106,1.05989844
imu,107,1.06990106
imu,108,1.07992511
imu,109,1.08997761
imu,110,1.09991878
imu,111,1.10997207
imu,112,1.11980217
imu,113,1.12994785
imu,114,1.13995742
imu,115,1.15006096
imu,116,1.15989228
imu,117,1.17002367
imu,118,1.17995732
imu,119,1.19008088
imu,120,1.20005874
imu,121,1.21009761
imu,122,1.22002885
imu,123,1.23015023
imu,124,1.24000845
imu,125,1.24985803
imu,126,1.25996539
imu,127,1.26992418
imu,128,1.27997580
imu,129,1.29007100
imu,130,1.30002914
imu,131,1.31002341
imu,132,1.31986845
imu,133,1.32999345
imu,134,1.34007594
imu,135,1.34996957
imu,136,1.35996094
imu,137,1.36996946
imu,138,1.37996723
imu,139,1.39009995
imu,140,1.40001557
imu,141,1.41001653
imu,142,1.42012491
imu,143,1.42994507
imu,144,1.43998377
imu,145,1.44984090
imu,146,1.46002071
imu,147,1.46994872
imu,148,1.48015577
imu,149,1.48996509
imu,150,1.50007981
imu,151,1.50993766
imu,152,1.51992022
imu,153,1.53002185
imu,154,1.53990624
imu,155,1.54989936
imu,156,1.56006145
imu,157,1.57006436
imu,158,1.58008586
imu,159,1.58995513
imu,160,1.59988528
imu,161,1.61004460
imu,162,1.62016120
imu,163,1.63016808
imu,164,1.64001523
imu,165,1.65006431
imu,166,1.65996339
imu,167,1.67004528
imu,168,1.68001740
imu,169,1.69009571
imu,170,1.69993882
imu,171,1.71013780
imu,172,1.71991908
imu,173,1.73001961
imu,174,1.73986908
imu,175,1.75009659
imu,176,1.76005646
imu,177,1.76986329
imu,178,1.78001866
imu,179,1.79006882
imu,180,1.79999190
imu,181,1.81011302
imu,182,1.82000129
imu,183,1.82999210
imu,184,1.84006447
imu,185,1.85007689
imu,186,1.85999580
imu,187,1.87000546
imu,188,1.87992041
imu,189,1.89005994
imu,190,1.90006169
imu,191,1.91010231
imu,192,1.92002434
imu,193,1.93003105
imu,194,1.93990543
imu,195,1.95010800
imu,196,1.96002998
imu,197,1.97003208
imu,198,1.98004732
imu,199,1.98994654
imu,200,1.99996607
imu,201,2.01005570
imu,202,2.01993398
imu,203,2.02997998
imu,204,2.04004421
imu,205,2.05010858
imu,206,2.06000647
imu,207,2.07012021
imu,208,2.07978556
imu,209,2.09001647
imu,210,2.10018691
imu,211,2.10999382
imu,212,2.12001190
imu,213,2.12991247
imu,214,2.14009396
imu,215,2.15007402
imu,216,2.15983461
imu,217,2.16996140
imu,218,2.18004829
imu,219,2.19000670
imu,220,2.19986808
imu,221,2.20995049
imu,222,2.21999395
imu,223,2.23001509
imu,224,2.23995557
imu,225,2.24996880
imu,226,2.26004177
imu,227,2.26999999
imu,228,2.28004574
imu,229,2.29012310
imu,230,2.29990939
imu,231,2.31000908
imu,232,2.31991327
imu,233,2.32994395
imu,234,2.34004033
imu,235,2.35004241
imu,236,2.35994900
imu,237,2.37010820
imu,238,2.37999326
imu,239,2.38990248
imu,240,2.39990740
imu,241,2.40994937
imu,242,2.42001675
imu,243,2.43006916
imu,244,2.44004172
imu,245,2.44976753
imu,246,2.45997965
imu,247,2.46992787
imu,248,2.48007845
imu,249,2.49000631
imu,250,2.50008496
imu,251,2.50995127
imu,252,2.51998486
imu,253,2.52994656
imu,254,2.54012375
imu,255,2.55006711
imu,256,2.56004244
imu,257,2.56986821
imu,258,2.58002483
imu,259,2.58994299
imu,260,2.60010455
imu,261,2.61003686
imu,262,2.62011787
imu,263,2.63005249
imu,264,2.63995423
imu,265,2.65013273
imu,266,2.66001809
imu,267,2.67014901
imu,268,2.68006670
imu,269,2.68990994
imu,270,2.70004012
imu,271,2.71002212
imu,272,2.72007708
imu,273,2.73000339
imu,274,2.73996567
imu,275,2.74995346
imu,276,2.76003688
imu,277,2.76989907
imu,278,2.77993358
imu,279,2.78993583
imu,280,2.80008358
imu,281,2.80998676
imu,282,2.81998650
imu,283,2.82997368
imu,284,2.83997890
imu,285,2.85007677
imu,286,2.85981301
imu,287,2.87002413
imu,288,2.87994850
imu,289,2.89008029
imu,290,2.89992948
imu,291,2.90998679
imu,292,2.91999349
imu,293,2.93004998
imu,294,2.94013766
imu,295,2.95008529
imu,296,2.96001182
imu,297,2.97002883
imu,298,2.98001664
imu,299,2.98997826
imu,300,3.00002301
imu,301,3.01001015
imu,302,3.02004553
imu,303,3.03004355
imu,304,3.03997915
imu,305,3.05003611
imu,306,3.06001460
imu,307,3.07008954
imu,308,3.08000655
imu,309,3.08993809
imu,310,3.10011982
imu,311,3.10996229
imu,312,3.12009326
imu,313,3.13001446
imu,314,3.13999099
imu,315,3.15001117
imu,316,3.15977813
imu,317,3.17002350
imu,318,3.18005535
imu,319,3.18994907
imu,320,3.20012433
imu,321,3.21001358
imu,322,3.21996845
imu,323,3.22996976
imu,324,3.24004260
imu,325,3.25007925
imu,326,3.26000943
imu,327,3.26992391
imu,328,3.27996814
imu,329,3.29001125
imu,330,3.30004913
imu,331,3.30988437
imu,332,3.32004522
imu,333,3.32999097
imu,334,3.33990272
imu,335,3.35002754
imu,336,3.35991270
imu,337,3.36997808
imu,338,3.37983098
imu,339,3.38997268
imu,340,3.39990121
imu,341,3.41010763
imu,342,3.42005784
imu,343,3.43008135
imu,344,3.44003252
imu,345,3.45006442
imu,346,3.45992495
imu,347,3.46996799
imu,348,3.48001208
imu,349,3.48997975
imu,350,3.50002038
imu,351,3.50994349
imu,352,3.51997506
imu,353,3.53000406
imu,354,3.53996186
imu,355,3.55003867
imu,356,3.55992770
imu,357,3.57000957
imu,358,3.58013848
imu,359,3.58991749
imu,360,3.59999965
imu,361,3.60995223
imu,362,3.62005506
imu,363,3.62995437
imu,364,3.64008460
imu,365,3.65015413
imu,366,3.66000172
imu,367,3.66992258
imu,368,3.67990826
imu,369,3.69000081
imu,370,3.70005711
imu,371,3.70988059
imu,372,3.71988810
imu,373,3.72994337
imu,374,3.73999673
imu,375,3.74993856
imu,376,3.75994854
imu,377,3.77005716
imu,378,3.78016848
imu,379,3.79005153
imu,380,3.80003116
imu,381,3.80983828
imu,382,3.81998871
imu,383,3.83002983
imu,384,3.84010113
imu,385,3.85008401
imu,386,3.86004575
imu,387,3.86997468
imu,388,3.88001249
imu,389,3.88987062
imu,390,3.89993934
imu,391,3.90999629
imu,392,3.92009869
imu,393,3.92996195
imu,394,3.93981665
imu,395,3.95001060
imu,396,3.96001160
imu,397,3.97004283
imu,398,3.97990498
imu,399,3.98993026
imu,400,3.99984200
imu,401,4.00993165
imu,402,4.01985420
imu,403,4.02992207
imu,404,4.04000096
imu,405,4.04999496
imu,406,4.05995281
imu,407,4.06999177
imu,408,4.07995971
imu,409,4.09005183
imu,410,4.10000509
imu,411,4.11010533
imu,412,4.12008080
imu,413,4.13005366
imu,414,4.14006541
imu,415,4.15001759
imu,416,4.15991444
imu,417,4.17000343
imu,418,4.17989125
imu,419,4.19004435
imu,420,4.19997332
imu,421,4.20992418
imu,422,4.21991478
imu,423,4.22985696
imu,424,4.24008275
imu,425,4.25013986
imu,426,4.25998152
imu,427,4.26989167
imu,428,4.28004495
imu,429,4.29001583
imu,430,4.30008941
imu,431,4.30994854
imu,432,4.32008686
imu,433,4.32998025
imu,434,4.34018691
imu,435,4.34990786
imu,436,4.35993410
imu,437,4.37003971
imu,438,4.38001341
imu,439,4.38985576
imu,440,4.40000554
imu,441,4.41003567
imu,442,4.41990664
imu,443,4.43003615
imu,444,4.43988614
imu,445,4.44989783
imu,446,4.46011946
imu,447,4.47013652
imu,448,4.47990144
imu,449,4.48997472
imu,450,4.49997103
imu,451,4.51000775
imu,452,4.52005269
imu,453,4.53000973
imu,454,4.53989374
imu,455,4.54994249
imu,456,4.55995839
imu,457,4.57002275
imu,458,4.58009204
imu,459,4.58985955
imu,460,4.59998023
imu,461,4.60995495
imu,462,4.62004401
imu,463,4.63002585
imu,464,4.63992874
imu,465,4.64997701
imu,466,4.66006572
imu,467,4.66998812
imu,468,4.67985016
imu,469,4.69005757
imu,470,4.70000988
imu,471,4.71007567
imu,472,4.72007882
imu,473,4.72987234
imu,474,4.73988215
imu,475,4.75001342
imu,476,4.76004348
imu,477,4.77011101
imu,478,4.78010941
imu,479,4.78996434
imu,480,4.80006163
imu,481,4.80985150
imu,482,4.82008953
imu,483,4.82994850
imu,484,4.84004977
imu,485,4.84989026
imu,486,4.85994682
imu,487,4.87007818
imu,488,4.88005655
imu,489,4.89009336
imu,490,4.89987985
imu,491,4.91005238
imu,492,4.91999059
imu,493,4.92995802
imu,494,4.93998105
imu,495,4.95009007
imu,496,4.95990970
imu,497,4.96986899
imu,498,4.98008942
imu,499,4.98992013
imu,500,5.00004106
imu,501,5.00988121
imu,502,5.02001998
imu,503,5.02997203
imu,504,5.04000696
imu,505,5.04990288
imu,506,5.05984328
imu,507,5.06987252
imu,508,5.07997100
imu,509,5.09004738
imu,510,5.10004996
imu,511,5.11010270
imu,512,5.12001705
imu,513,5.12992279
imu,514,5.14000927
imu,515,5.15011259
imu,516,5.15999237
imu,517,5.16988895
imu,518,5.17993151
imu,519,5.19009708
imu,520,5.19990575
imu,521,5.20994247
imu,522,5.22001493
imu,523,5.23002803
imu,524,5.24005424
imu,525,5.24994117
imu,526,5.25990700
imu,527,5.27007130
imu,528,5.27988262
imu,529,5.29004672
imu,530,5.29987742
imu,531,5.30999100
imu,532,5.32006366
imu,533,5.32994444
imu,534,5.34003742
imu,535,5.34997903
imu,536,5.35992481
imu,537,5.36999453
imu,538,5.38007573
imu,539,5.38995608
imu,540,5.39985487
imu,541,5.40997439
imu,542,5.41989055
imu,543,5.42983344
imu,544,5.43995520
imu,545,5.45001841
imu,546,5.45997468
imu,547,5.46988490
imu,548,5.47998492
imu,549,5.49000581
imu,550,5.50004500
imu,551,5.50997724
imu,552,5.51997146
imu,553,5.53000472
imu,554,5.54006892
imu,555,5.54997596
imu,556,5.55993753
imu,557,5.57002533
imu,558,5.57998045
imu,559,5.59002459
imu,560,5.60006268
imu,561,5.60991971
imu,562,5.62005703
imu,563,5.62994295
imu,564,5.63998840
imu,565,5.64992801
imu,566,5.65981860
imu,567,5.67018242
imu,568,5.67989026
imu,569,5.69002118
imu,570,5.69997194
imu,571,5.71002100
imu,572,5.72000533
imu,573,5.73006527
imu,574,5.74000271
imu,575,5.75008295
imu,576,5.75998901
imu,577,5.76997730
imu,578,5.77992859
imu,579,5.79000527
imu,580,5.80002054
imu,581,5.80994448
imu,582,5.81994454
imu,583,5.82997351
imu,584,5.84009793
imu,585,5.84988247
imu,586,5.85995734
imu,587,5.86995108
imu,588,5.88004659
imu,589,5.88998288
imu,590,5.90005211
imu,591,5.91005131
imu,592,5.91999860
imu,593,5.93006185
imu,594,5.94007083
imu,595,5.95002535
imu,596,5.96011473
imu,597,5.97004012
imu,598,5.97995546
imu,599,5.99002075
imu,600,6.00010876
imu,601,6.01007595
imu,602,6.02007507
imu,603,6.03003010
imu,604,6.04002776
imu,605,6.05026170
imu,606,6.05992717
imu,607,6.06998292
imu,608,6.07997332
imu,609,6.09015916
imu,610,6.09993553
imu,611,6.11006130
imu,612,6.11995482
imu,613,6.13003208
imu,614,6.14002174
imu,615,6.15011740
imu,616,6.15999079
imu,617,6.16983911
imu,618,6.17995230
imu,619,6.19015277
imu,620,6.19995406
imu,621,6.20998389
imu,622,6.21989665
imu,623,6.22994810
imu,624,6.24015026
imu,625,6.25005912
imu,626,6.26006226
imu,627,6.26996292
imu,628,6.28000437
imu,629,6.29008003
imu,630,6.29997670
imu,631,6.31000322
imu,632,6.31992665
imu,633,6.33012365
imu,634,6.33991754
imu,635,6.34994341
imu,636,6.36003871
imu,637,6.37009141
imu,638,6.37999915
imu,639,6.39003229
imu,640,6.40011800
imu,641,6.40992800
imu,642,6.42016025
imu,643,6.43006644
imu,644,6.43998675
imu,645,6.44999314
imu,646,6.45993307
imu,647,6.46995419
imu,648,6.48015959
imu,649,6.48997694
imu,650,6.49993006
imu,651,6.50991325
imu,652,6.52007596
imu,653,6.52998728
imu,654,6.54004220
imu,655,6.54992666
imu,656,6.55999641
imu,657,6.56988132
imu,658,6.57998209
imu,659,6.59008247
imu,660,6.60023759
imu,661,6.61000751
imu,662,6.61995386
imu,663,6.62989968
imu,664,6.63993933
imu,665,6.65010026
imu,666,6.65988974
imu,667,6.67013607
imu,668,6.67994238
imu,669,6.69004695
imu,670,6.70001042
imu,671,6.70996888
imu,672,6.71996145
imu,673,6.73005969
imu,674,6.74005218
imu,675,6.75009472
imu,676,6.76003210
imu,677,6.77005334
imu,678,6.77990908
imu,679,6.78999640
imu,680,6.80007237
imu,681,6.81004174
imu,682,6.82016179
imu,683,6.82992188
imu,684,6.84005149
imu,685,6.85003691
imu,686,6.85995845
imu,687,6.86993115
imu,688,6.88002490
imu,689,6.89002086
imu,690,6.89997940
imu,691,6.91001952
imu,692,6.91995069
imu,693,6.92994213
imu,694,6.93985643
imu,695,6.94988537
imu,696,6.95990464
imu,697,6.96998283
imu,698,6.97997419
imu,699,6.98994914
imu,700,7.00004027
imu,701,7.01002388
imu,702,7.01997717
imu,703,7.03008281
imu,704,7.03998832
imu,705,7.05003553
imu,706,7.05995016
imu,707,7.07018287
imu,708,7.07992211
imu,709,7.09010650
imu,710,7.09987292
imu,711,7.11003118
imu,712,7.11993241
imu,713,7.13006104
imu,714,7.13994901
imu,715,7.14994851
imu,716,7.15991048
imu,717,7.16997774
imu,718,7.18006860
imu,719,7.19007846
imu,720,7.19998021
imu,721,7.20996814
imu,722,7.22010325
imu,723,7.23007828
imu,724,7.23995011
imu,725,7.25014056
imu,726,7.26011887
imu,727,7.26996372
imu,728,7.27996311
imu,729,7.28991671
imu,730,7.30010760
imu,731,7.31006954
imu,732,7.31997980
imu,733,7.32987375
imu,734,7.34001725
imu,735,7.35003196
imu,736,7.35980417
imu,737,7.37002032
imu,738,7.38004032
imu,739,7.38993687
imu,740,7.40003926
imu,741,7.40996301
imu,742,7.41992578
imu,743,7.43008613
imu,744,7.43992658
imu,745,7.45002607
imu,746,7.45993977
imu,747,7.46994790
imu,748,7.48007513
imu,749,7.49011959
imu,750,7.49993082
imu,751,7.51005613
imu,752,7.51996286
imu,753,7.52995705
imu,754,7.53988878
imu,755,7.54998048
imu,756,7.56002956
imu,757,7.57013297
imu,758,7.58004514
imu,759,7.59003923
imu,760,7.60002917
imu,761,7.61004554
imu,762,7.61997009
imu,763,7.62998551
imu,764,7.64004867
imu,765,7.64987668
imu,766,7.65997192
imu,767,7.67005913
imu,768,7.67999273
imu,769,7.69001531
imu,770,7.69998216
imu,771,7.70993901
imu,772,7.72002024
imu,773,7.73007133
imu,774,7.74008819
imu,775,7.74992135
imu,776,7.75999826
imu,777,7.77000785
imu,778,7.78006073
imu,779,7.78996727
imu,780,7.79987441
imu,781,7.81006485
imu,782,7.82002973
imu,783,7.82998748
imu,784,7.83991025
imu,785,7.84995706
imu,786,7.86011862
imu,787,7.86996530
imu,788,7.87999360
imu,789,7.89004301
imu,790,7.90012956
imu,791,7.91005276
imu,792,7.92000331
imu,793,7.93004584
imu,794,7.93998342
imu,795,7.95003836
imu,796,7.95999324
imu,797,7.96992132
imu,798,7.98003787
imu,799,7.98993587
imu,800,7.99989977
imu,801,8.00996921
imu,802,8.01982809
imu,803,8.02989868
imu,804,8.03994630
imu,805,8.05004850
imu,806,8.06002858
imu,807,8.07002619
imu,808,8.07998159
imu,809,8.08995889
imu,810,8.09996541
imu,811,8.11005414
imu,812,8.11986044
imu,813,8.12994673
imu,814,8.14013487
imu,815,8.15000667
imu,816,8.15992122
imu,817,8.16998331
imu,818,8.18006254
imu,819,8.18996885
imu,820,8.19995361
imu,821,8.21004282
imu,822,8.21999079
imu,823,8.22991967
imu,824,8.23990618
imu,825,8.25002546
imu,826,8.26000331
imu,827,8.27005782
imu,828,8.27991301
imu,829,8.29011548
imu,830,8.29996176
imu,831,8.31004815
imu,832,8.31996484
imu,833,8.32989602
imu,834,8.34010365
imu,835,8.35002235
imu,836,8.35995272
imu,837,8.36999201
imu,838,8.38001419
imu,839,8.38982666
imu,840,8.39997017
imu,841,8.40999640
imu,842,8.41996446
imu,843,8.42984422
imu,844,8.44022160
imu,845,8.44997819
imu,846,8.45993121
imu,847,8.46996804
imu,848,8.48004616
imu,849,8.48986516
imu,850,8.50002530
imu,851,8.50989962
imu,852,8.51986269
imu,853,8.52981393
imu,854,8.53992650
imu,855,8.54996868
imu,856,8.55988452
imu,857,8.57000859
imu,858,8.57996867
imu,859,8.59004079
imu,860,8.60016272
imu,861,8.61001065
imu,862,8.61994468
imu,863,8.62998578
imu,864,8.64000489
imu,865,8.64989901
imu,866,8.66008279
imu,867,8.66994831
imu,868,8.68016425
imu,869,8.69010302
imu,870,8.70007722
imu,871,8.70990672
imu,872,8.71993194
imu,873,8.73004276
imu,874,8.74003319
imu,875,8.74990624
imu,876,8.76003478
imu,877,8.77001392
imu,878,8.77990345
imu,879,8.79010036
imu,880,8.80006586
imu,881,8.80998881
imu,882,8.81994577
imu,883,8.82999980
imu,884,8.84012710
imu,885,8.84996935
imu,886,8.85999976
imu,887,8.86999217
imu,888,8.87985532
imu,889,8.89004109
imu,890,8.89980217
imu,891,8.90996952
imu,892,8.92000840
imu,893,8.93008522
imu,894,8.94001413
imu,895,8.94998218
imu,896,8.96000088
imu,897,8.96993062
imu,898,8.98012870
imu,899,8.98996871
imu,900,9.00004542
imu,901,9.01003843
imu,902,9.01992759
imu,903,9.02995168
imu,904,9.03990284
imu,905,9.05004821
imu,906,9.06005385
imu,907,9.07008247
imu,908,9.08000545
imu,909,9.09003750
imu,910,9.10003655
imu,911,9.11012866
imu,912,9.12011507
imu,913,9.12999329
imu,914,9.13990609
imu,915,9.15011333
imu,916,9.16010280
imu,917,9.16992142
imu,918,9.18003728
imu,919,9.19007249
imu,920,9.20003700
imu,921,9.20983977
imu,922,9.21988326
imu,923,9.22997076
imu,924,9.24008169
imu,925,9.25004561
imu,926,9.26019265
imu,927,9.26997586
imu,928,9.28003933
imu,929,9.28983553
imu,930,9.29995368
imu,931,9.31004232
imu,932,9.31989916
imu,933,9.32990625
imu,934,9.34008359
imu,935,9.34984378
imu,936,9.36003516
imu,937,9.36993942
imu,938,9.38013648
imu,939,9.38988217
imu,940,9.40003323
imu,941,9.40991338
imu,942,9.41995502
imu,943,9.43015619
imu,944,9.43987866
imu,945,9.44993543
imu,946,9.46003741
imu,947,9.46993029
imu,948,9.48004041
imu,949,9.48996747
imu,950,9.49997696
imu,951,9.50997832
imu,952,9.52011339
imu,953,9.53000352
imu,954,9.53987506
imu,955,9.55004431
imu,956,9.55997267
imu,957,9.56990216
imu,958,9.58010482
imu,959,9.59000680
imu,960,9.59992077
imu,961,9.60991584
imu,962,9.62007742
imu,963,9.62993847
imu,964,9.64004713
imu,965,9.64999885
imu,966,9.66008299
imu,967,9.67001130
imu,968,9.68015169
imu,969,9.68999282
imu,970,9.70022051
imu,971,9.70996916
imu,972,9.72002447
imu,973,9.73001397
imu,974,9.73991719
imu,975,9.74989242
imu,976,9.75989180
imu,977,9.77004019
imu,978,9.78015731
imu,979,9.78999469
imu,980,9.79996196
imu,981,9.80996149
imu,982,9.81996567
imu,983,9.82996089
imu,984,9.83994978
imu,985,9.84996375
imu,986,9.86007304
imu,987,9.86992698
imu,988,9.87995469
imu,989,9.89010355
imu,990,9.89995741
imu,991,9.91004766
imu,992,9.91995044
imu,993,9.93003798
imu,994,9.94010689
imu,995,9.94996956
imu,996,9.95999491
imu,997,9.96991294
imu,998,9.97995636
imu,999,9.98996714
imu,1000,9.99986517
imu,1001,10.00987781
imu,1002,10.01996775
imu,1003,10.02992839
imu,1004,10.04006652
imu,1005,10.05002318
imu,1006,10.06011766
imu,1007,10.07008934
imu,1008,10.08004035
imu,1009,10.08994130
imu,1010,10.09987139
imu,1011,10.11003647
imu,1012,10.11986768
imu,1013,10.13001113
imu,1014,10.14007788
imu,1015,10.14987668
imu,1016,10.16000596
imu,1017,10.16979721
imu,1018,10.18014263
imu,1019,10.18988040
imu,1020,10.19998673
imu,1021,10.20995976
imu,1022,10.21996419
imu,1023,10.23008380
imu,1024,10.23994838
imu,1025,10.25002273
imu,1026,10.26003760
imu,1027,10.26996061
imu,1028,10.28009559
imu,1029,10.29003539
imu,1030,10.29997684
imu,1031,10.31008025
imu,1032,10.31992256
imu,1033,10.32992007
imu,1034,10.34000595
imu,1035,10.34993846
imu,1036,10.36011873
imu,1037,10.37005771
imu,1038,10.37995028
imu,1039,10.39006765
imu,1040,10.39990229
imu,1041,10.40997632
imu,1042,10.42005345
imu,1043,10.42998837
imu,1044,10.43976161
imu,1045,10.45010918
imu,1046,10.46001271
imu,1047,10.46998539
imu,1048,10.47989017
imu,1049,10.48990277
imu,1050,10.50011824
imu,1051,10.50993941
imu,1052,10.51999434
imu,1053,10.52999160
imu,1054,10.54006752
imu,1055,10.55012097
imu,1056,10.56022188
imu,1057,10.57004260
imu,1058,10.58001862
imu,1059,10.58982688
imu,1060,10.60008780
imu,1061,10.61013573
imu,1062,10.61995829
imu,1063,10.63008620
imu,1064,10.64013108
imu,1065,10.65008886
imu,1066,10.65994952
imu,1067,10.66998644
imu,1068,10.68013246
imu,1069,10.69001117
imu,1070,10.69992960
imu,1071,10.71010246
imu,1072,10.72005054
imu,1073,10.72992916
imu,1074,10.73995653
imu,1075,10.74997033
imu,1076,10.75999270
imu,1077,10.77005489
imu,1078,10.78003837
imu,1079,10.79002064
imu,1080,10.80004162
imu,1081,10.81003604
imu,1082,10.82016600
imu,1083,10.83002375
imu,1084,10.83994952
imu,1085,10.84995318
imu,1086,10.85998834
imu,1087,10.86992116
imu,1088,10.88003888
imu,1089,10.88995586
imu,1090,10.89994060
imu,1091,10.91001162
imu,1092,10.91991644
imu,1093,10.93003299
imu,1094,10.93997434
imu,1095,10.95000359
imu,1096,10.95991815
imu,1097,10.96991435
imu,1098,10.98004283
imu,1099,10.99005561
imu,1100,10.99991965
imu,1101,11.01021643
imu,1102,11.02000644
imu,1103,11.02980818
imu,1104,11.03998505
imu,1105,11.04994226
imu,1106,11.05998054
imu,1107,11.06992135
imu,1108,11.08007079
imu,1109,11.08986130
imu,1110,11.10004306
imu,1111,11.11010547
imu,1112,11.11996455
imu,1113,11.12983416
imu,1114,11.13997191
imu,1115,11.14997852
imu,1116,11.16012503
imu,1117,11.17000749
imu,1118,11.18010504
imu,1119,11.19023945
imu,1120,11.19981776
imu,1121,11.20998001
imu,1122,11.21995861
imu,1123,11.23002896
imu,1124,11.23992302
imu,1125,11.24987403
imu,1126,11.26008251
imu,1127,11.26997558
imu,1128,11.27995316
imu,1129,11.29006473
imu,1130,11.29980499
imu,1131,11.30985263
imu,1132,11.32001063
imu,1133,11.33001160
imu,1134,11.33995784
imu,1135,11.34985748
imu,1136,11.35980214
imu,1137,11.37003778
imu,1138,11.37986783
imu,1139,11.38998915
imu,1140,11.39998976
imu,1141,11.40992016
imu,1142,11.42008329
imu,1143,11.42981235
imu,1144,11.43993967
imu,1145,11.44989424
imu,1146,11.46011502
imu,1147,11.46997388
imu,1148,11.47987067
imu,1149,11.49012040
imu,1150,11.50008192
imu,1151,11.51009978
imu,1152,11.52001275
imu,1153,11.52997373
imu,1154,11.53995925
imu,1155,11.54999258
imu,1156,11.56009423
imu,1157,11.57003848
imu,1158,11.58008839
imu,1159,11.59001832
imu,1160,11.59995943
imu,1161,11.60983422
imu,1162,11.61992075
imu,1163,11.63004673
imu,1164,11.63981290
imu,1165,11.64995990
imu,1166,11.66009645
imu,1167,11.66991077
imu,1168,11.68003950
imu,1169,11.69004928
imu,1170,11.70007383
imu,1171,11.70992593
imu,1172,11.71995500
imu,1173,11.72994915
imu,1174,11.73991547
imu,1175,11.75003710
imu,1176,11.76005320
imu,1177,11.76981231
imu,1178,11.77990682
imu,1179,11.79003917
imu,1180,11.79999306
imu,1181,11.80992133
imu,1182,11.82006276
imu,1183,11.82988758
imu,1184,11.84001135
imu,1185,11.85002636
imu,1186,11.85991631
imu,1187,11.87008075
imu,1188,11.87998308
imu,1189,11.88995798
imu,1190,11.90004460
imu,1191,11.91000109
imu,1192,11.91998604
imu,1193,11.93003172
imu,1194,11.93997581
imu,1195,11.95011773
imu,1196,11.95978789
imu,1197,11.96990636
imu,1198,11.98002988
imu,1199,11.98996169
imu,1200,11.99976902
imu,1201,12.01012751
imu,1202,12.01982846
imu,1203,12.03004846
imu,1204,12.03989249
imu,1205,12.05007218
imu,1206,12.05992286
imu,1207,12.07002504
imu,1208,12.07987053
imu,1209,12.08996493
imu,1210,12.10004141
imu,1211,12.10997004
imu,1212,12.12017229
imu,1213,12.12983954
imu,1214,12.13995135
imu,1215,12.14994814
imu,1216,12.16002866
imu,1217,12.16995778
imu,1218,12.18002339
imu,1219,12.19002449
imu,1220,12.20007800
imu,1221,12.21004746
imu,1222,12.21996922
imu,1223,12.23018318
imu,1224,12.24005321
imu,1225,12.24987252
imu,1226,12.26002294
imu,1227,12.26998379
imu,1228,12.27998040
imu,1229,12.29000248
imu,1230,12.29992927
imu,1231,12.31012613
imu,1232,12.32000330
imu,1233,12.33002600
imu,1234,12.33999456
imu,1235,12.35001841
imu,1236,12.36008626
imu,1237,12.37003735
imu,1238,12.38004407
imu,1239,12.39001553
imu,1240,12.40002789
imu,1241,12.40999593
imu,1242,12.41991812
imu,1243,12.43002152
imu,1244,12.44000538
imu,1245,12.44998453
imu,1246,12.46009684
imu,1247,12.47009584
imu,1248,12.48009633
imu,1249,12.48987385
imu,1250,12.50006994
imu,1251,12.50999584
imu,1252,12.51993360
imu,1253,12.53016730
imu,1254,12.53989323
imu,1255,12.55003097
imu,1256,12.55994716
imu,1257,12.56991230
imu,1258,12.57992922
imu,1259,12.58978218
imu,1260,12.59996247
imu,1261,12.61000161
imu,1262,12.61991310
imu,1263,12.62993203
imu,1264,12.64003882
imu,1265,12.65011039
imu,1266,12.65989655
imu,1267,12.67005028
imu,1268,12.68012010
imu,1269,12.68999745
imu,1270,12.69992321
imu,1271,12.70996027
imu,1272,12.72000547
imu,1273,12.72985584
imu,1274,12.73991242
imu,1275,12.75011485
imu,1276,12.76012280
imu,1277,12.76995295
imu,1278,12.77999785
imu,1279,12.78998873
imu,1280,12.79999709
imu,1281,12.80990076
imu,1282,12.81996086
imu,1283,12.82997678
imu,1284,12.83987708
imu,1285,12.85002831
imu,1286,12.85992680
imu,1287,12.86999730
imu,1288,12.87991538
imu,1289,12.89005923
imu,1290,12.89993162
imu,1291,12.90993820
imu,1292,12.91990836
imu,1293,12.92989150
imu,1294,12.93996843
imu,1295,12.95007013
imu,1296,12.95994736
imu,1297,12.97018283
imu,1298,12.98000397
imu,1299,12.98997102
imu,1300,12.99993241
imu,1301,13.01001859
imu,1302,13.02003005
imu,1303,13.02990803
imu,1304,13.04006722
imu,1305,13.05004384
imu,1306,13.06006168
imu,1307,13.07010319
imu,1308,13.08002558
imu,1309,13.08996398
imu,1310,13.09991054
imu,1311,13.10998756
imu,1312,13.11993271
imu,1313,13.13012306
imu,1314,13.14012266
imu,1315,13.14992663
imu,1316,13.16004233
imu,1317,13.17018025
imu,1318,13.17985840
imu,1319,13.19005164
imu,1320,13.19995219
imu,1321,13.20992585
imu,1322,13.21977600
imu,1323,13.23008307
imu,1324,13.23996092
imu,1325,13.24993740
imu,1326,13.26001873
imu,1327,13.26992796
imu,1328,13.27984876
imu,1329,13.29016472
imu,1330,13.29995457
imu,1331,13.30987967
imu,1332,13.31995431
imu,1333,13.33010349
imu,1334,13.33996756
imu,1335,13.34989820
imu,1336,13.35996273
imu,1337,13.36998829
imu,1338,13.38000716
imu,1339,13.39001683
imu,1340,13.39983172
imu,1341,13.40992701
imu,1342,13.42007191
imu,1343,13.43000001
imu,1344,13.43986116
imu,1345,13.44994116
imu,1346,13.45997236
imu,1347,13.46980550
imu,1348,13.47991114
imu,1349,13.49005289
imu,1350,13.49993112
imu,1351,13.51001560
imu,1352,13.52008053
imu,1353,13.52989724
imu,1354,13.53998403
imu,1355,13.54986645
imu,1356,13.55990260
imu,1357,13.56981455
imu,1358,13.58007903
imu,1359,13.58987752
imu,1360,13.60001409
imu,1361,13.61002961
imu,1362,13.61996213
imu,1363,13.63000670
imu,1364,13.63988143
imu,1365,13.65006438
imu,1366,13.66001533
imu,1367,13.66989413
imu,1368,13.67993144
imu,1369,13.69002187
imu,1370,13.70010867
imu,1371,13.71006302
imu,1372,13.71994264
imu,1373,13.72992429
imu,1374,13.74012743
imu,1375,13.75009204
imu,1376,13.75989610
imu,1377,13.77004852
imu,1378,13.78002396
imu,1379,13.79008488
imu,1380,13.80007825
imu,1381,13.81005867
imu,1382,13.82003560
imu,1383,13.83008066
imu,1384,13.84005787
imu,1385,13.85005879
imu,1386,13.85999171
imu,1387,13.87006110
imu,1388,13.88000600
imu,1389,13.89003673
imu,1390,13.89981385
imu,1391,13.90983240
imu,1392,13.91998656
imu,1393,13.92999489
imu,1394,13.94006850
imu,1395,13.94993325
imu,1396,13.96009686
imu,1397,13.96993751
imu,1398,13.97991618
imu,1399,13.98988827
imu,1400,13.99989119
imu,1401,14.01002333
imu,1402,14.02010321
imu,1403,14.02986958
imu,1404,14.04002820
imu,1405,14.05008815
imu,1406,14.06002453
imu,1407,14.07001904
imu,1408,14.07992997
imu,1409,14.08987858
imu,1410,14.09993592
imu,1411,14.10993341
imu,1412,14.11997551
imu,1413,14.13000749
imu,1414,14.13986865
imu,1415,14.14986592
imu,1416,14.16000151
imu,1417,14.16991581
imu,1418,14.18007999
imu,1419,14.18998662
imu,1420,14.19993949
imu,1421,14.21015560
imu,1422,14.22002775
imu,1423,14.23011535
imu,1424,14.24006968
imu,1425,14.25005863
imu,1426,14.25991944
imu,1427,14.26991667
imu,1428,14.27998148
imu,1429,14.28994829
imu,1430,14.30009693
imu,1431,14.30998778
imu,1432,14.32017653
imu,1433,14.32999722
imu,1434,14.34001823
imu,1435,14.34976911
imu,1436,14.36005482
imu,1437,14.37005059
imu,1438,14.37992040
imu,1439,14.38992701
imu,1440,14.40000981
imu,1441,14.40987770
imu,1442,14.42001294
imu,1443,14.42989724
imu,1444,14.44005344
imu,1445,14.44999146
imu,1446,14.46006004
imu,1447,14.46995467
imu,1448,14.48000304
imu,1449,14.49007540
imu,1450,14.49996817
imu,1451,14.50997548
imu,1452,14.52004891
imu,1453,14.53000320
imu,1454,14.54003589
imu,1455,14.55010713
imu,1456,14.55992019
imu,1457,14.57000087
imu,1458,14.57988687
imu,1459,14.58994576
imu,1460,14.60002102
imu,1461,14.60994615
imu,1462,14.62013772
imu,1463,14.62987800
imu,1464,14.63998938
imu,1465,14.64996633
imu,1466,14.65989695
imu,1467,14.67000531
imu,1468,14.68001889
imu,1469,14.68989816
imu,1470,14.69995377
imu,1471,14.71001999
imu,1472,14.72000260
imu,1473,14.72999044
imu,1474,14.73992384
imu,1475,14.75001919
imu,1476,14.75998271
imu,1477,14.77002826
imu,1478,14.77995546
imu,1479,14.78998605
imu,1480,14.79995006
imu,1481,14.81000426
imu,1482,14.81994012
imu,1483,14.83003214
imu,1484,14.83995963
imu,1485,14.85005850
imu,1486,14.86007353
imu,1487,14.86998206
imu,1488,14.87982852
imu,1489,14.89002340
imu,1490,14.90001322
imu,1491,14.90997584
imu,1492,14.92001679
imu,1493,14.92998291
imu,1494,14.93994693
imu,1495,14.94996102
imu,1496,14.95994001
imu,1497,14.96998134
imu,1498,14.98002547
imu,1499,14.98998759
imu,1500,14.99999653
imu,1501,15.01003551
imu,1502,15.02004935
imu,1503,15.02998518
imu,1504,15.03998380
imu,1505,15.04999163
imu,1506,15.05997012
imu,1507,15.06977471
imu,1508,15.08011314
imu,1509,15.08996124
imu,1510,15.09994072
imu,1511,15.11000596
imu,1512,15.12000151
imu,1513,15.13001903
imu,1514,15.14010602
imu,1515,15.15003114
imu,1516,15.15980083
imu,1517,15.16987729
imu,1518,15.18003940
imu,1519,15.19006026
imu,1520,15.20002543
imu,1521,15.21006719
imu,1522,15.22002513
imu,1523,15.22990157
imu,1524,15.24001032
imu,1525,15.25002847
imu,1526,15.26000942
imu,1527,15.26993978
imu,1528,15.27991639
imu,1529,15.29005137
imu,1530,15.30003949
imu,1531,15.30998211
imu,1532,15.32003790
imu,1533,15.33009763
imu,1534,15.34001754
imu,1535,15.35000195
imu,1536,15.36002849
imu,1537,15.36990114
imu,1538,15.38002112
imu,1539,15.38995800
imu,1540,15.39995549
imu,1541,15.41011082
imu,1542,15.42011576
imu,1543,15.42982115
imu,1544,15.44006478
imu,1545,15.45008011
imu,1546,15.45990324
imu,1547,15.47006520
imu,1548,15.48010107
imu,1549,15.49002278
imu,1550,15.49996593
imu,1551,15.51011267
imu,1552,15.51992292
imu,1553,15.53020000
imu,1554,15.54010967
imu,1555,15.55003206
imu,1556,15.56006485
imu,1557,15.56992996
imu,1558,15.57999453
imu,1559,15.58998771
imu,1560,15.59991175
imu,1561,15.61001688
imu,1562,15.61977027
imu,1563,15.62993024
imu,1564,15.64002041
imu,1565,15.65002766
imu,1566,15.65996062
imu,1567,15.66998995
imu,1568,15.68006291
imu,1569,15.69006578
imu,1570,15.69986069
imu,1571,15.71001040
imu,1572,15.72007484
imu,1573,15.72995057
imu,1574,15.73999849
imu,1575,15.74994805
imu,1576,15.75988229
imu,1577,15.76993821
imu,1578,15.78002795
imu,1579,15.78991622
imu,1580,15.79995260
imu,1581,15.80991766
imu,1582,15.82001701
imu,1583,15.83001461
imu,1584,15.83993638
imu,1585,15.85019283
imu,1586,15.85997329
imu,1587,15.86999931
imu,1588,15.88010026
imu,1589,15.88998670
imu,1590,15.89986854
imu,1591,15.90999346
imu,1592,15.92003211
imu,1593,15.93006714
imu,1594,15.94004061
imu,1595,15.95004990
imu,1596,15.95999797
imu,1597,15.96993077
imu,1598,15.97997237
imu,1599,15.99000522
imu,1600,15.99975157
imu,1601,16.00993496
imu,1602,16.02009687
imu,1603,16.02999548
imu,1604,16.03993891
imu,1605,16.04998474
imu,1606,16.05989949
imu,1607,16.07014501
imu,1608,16.08003228
imu,1609,16.09004012
imu,1610,16.09990992
imu,1611,16.10994963
imu,1612,16.12003237
imu,1613,16.13005590
imu,1614,16.14011697
imu,1615,16.14996002
imu,1616,16.16006025
imu,1617,16.16996142
imu,1618,16.17999342
imu,1619,16.18997304
imu,1620,16.20011291
imu,1621,16.20987217
imu,1622,16.22008102
imu,1623,16.23001546
imu,1624,16.23993587
imu,1625,16.24986124
imu,1626,16.26014759
imu,1627,16.26979275
imu,1628,16.27984282
imu,1629,16.29003782
imu,1630,16.29992941
imu,1631,16.30990508
imu,1632,16.32014885
imu,1633,16.32994894
imu,1634,16.33994637
imu,1635,16.34994008
imu,1636,16.35999815
imu,1637,16.36995340
imu,1638,16.37998871
imu,1639,16.39007987
imu,1640,16.40002433
imu,1641,16.40999379
imu,1642,16.41986889
imu,1643,16.43000761
imu,1644,16.43995541
imu,1645,16.45007865
imu,1646,16.45986943
imu,1647,16.46990016
imu,1648,16.47997907
imu,1649,16.49003157
imu,1650,16.50004939
imu,1651,16.50993510
imu,1652,16.51996368
imu,1653,16.53007043
imu,1654,16.53998127
imu,1655,16.54999562
imu,1656,16.56001289
imu,1657,16.56997714
imu,1658,16.57999137
imu,1659,16.59014529
imu,1660,16.59990859
imu,1661,16.61010132
imu,1662,16.61991744
imu,1663,16.62991461
imu,1664,16.63996348
imu,1665,16.65001013
imu,1666,16.66001778
imu,1667,16.66999009
imu,1668,16.68007976
imu,1669,16.68999884
imu,1670,16.70015026
imu,1671,16.70994878
imu,1672,16.72000218
imu,1673,16.72996789
imu,1674,16.73994847
imu,1675,16.74998888
imu,1676,16.75998308
imu,1677,16.77009008
imu,1678,16.78016813
imu,1679,16.78999181
imu,1680,16.80001269
imu,1681,16.81000302
imu,1682,16.82004378
imu,1683,16.82999047
imu,1684,16.83998433
imu,1685,16.85000606
imu,1686,16.85992801
imu,1687,16.86998566
imu,1688,16.88003370
imu,1689,16.89008017
imu,1690,16.90009220
imu,1691,16.91011389
imu,1692,16.92007664
imu,1693,16.93000927
imu,1694,16.93989461
imu,1695,16.95003131
imu,1696,16.96001226
imu,1697,16.96993875
imu,1698,16.97998308
imu,1699,16.99004184
imu,1700,17.00005505
imu,1701,17.00994798
imu,1702,17.02004429
imu,1703,17.03008582
imu,1704,17.04003700
imu,1705,17.04996138
imu,1706,17.06002190
imu,1707,17.06998227
imu,1708,17.08003492
imu,1709,17.09000787
imu,1710,17.10011794
imu,1711,17.11000568
imu,1712,17.12010764
imu,1713,17.13003582
imu,1714,17.14008868
imu,1715,17.14985114
imu,1716,17.16000148
imu,1717,17.17003704
imu,1718,17.18003412
imu,1719,17.19006923
imu,1720,17.19993835
imu,1721,17.21000245
imu,1722,17.21994933
imu,1723,17.22987221
imu,1724,17.24011492
imu,1725,17.25009795
imu,1726,17.26001650
imu,1727,17.27017291
imu,1728,17.27998667
imu,1729,17.28988253
imu,1730,17.30009912
imu,1731,17.30997962
imu,1732,17.31989849
imu,1733,17.32980542
imu,1734,17.34008242
imu,1735,17.34999469
imu,1736,17.36001104
imu,1737,17.36998020
imu,1738,17.37981647
imu,1739,17.39000619
imu,1740,17.39995249
imu,1741,17.40989370
imu,1742,17.42007761
imu,1743,17.42997250
imu,1744,17.44006641
imu,1745,17.45004771
imu,1746,17.45996967
imu,1747,17.46997453
imu,1748,17.47999479
imu,1749,17.49014744
imu,1750,17.50005163
imu,1751,17.51007695
imu,1752,17.51986978
imu,1753,17.53009385
imu,1754,17.53990454
imu,1755,17.54989307
imu,1756,17.55994637
imu,1757,17.57017311
imu,1758,17.58000100
imu,1759,17.58985214
imu,1760,17.59999896
imu,1761,17.60980527
imu,1762,17.62009864
imu,1763,17.63001074
imu,1764,17.64001786
imu,1765,17.65000956
imu,1766,17.65983564
imu,1767,17.66994369
imu,1768,17.68002830
imu,1769,17.68994094
imu,1770,17.69990604
imu,1771,17.70997795
imu,1772,17.71981037
imu,1773,17.73002949
imu,1774,17.74006202
imu,1775,17.75005151
imu,1776,17.75995641
imu,1777,17.77005295
imu,1778,17.78005568
imu,1779,17.78999309
imu,1780,17.80004622
imu,1781,17.81005537
imu,1782,17.82001805
imu,1783,17.83009015
imu,1784,17.83993588
imu,1785,17.85005925
imu,1786,17.86003126
imu,1787,17.86987827
imu,1788,17.87993154
imu,1789,17.88990332
imu,1790,17.89976139
imu,1791,17.91002137
imu,1792,17.92003577
imu,1793,17.92994877
imu,1794,17.93994101
imu,1795,17.95006684
imu,1796,17.95985664
imu,1797,17.96981771
imu,1798,17.97998694
imu,1799,17.99010450
imu,1800,18.00003043
imu,1801,18.01003211
imu,1802,18.01995334
imu,1803,18.02999338
imu,1804,18.04003415
imu,1805,18.05010073
imu,1806,18.05988827
imu,1807,18.07003857
imu,1808,18.07995670
imu,1809,18.09000349
imu,1810,18.09995919
imu,1811,18.11003029
imu,1812,18.11997020
imu,1813,18.13000335
imu,1814,18.13997703
imu,1815,18.15011483
imu,1816,18.16014359
imu,1817,18.16999323
imu,1818,18.18016577
imu,1819,18.19008728
imu,1820,18.20008685
imu,1821,18.20993740
imu,1822,18.21991132
imu,1823,18.22992612
imu,1824,18.23997260
imu,1825,18.25003731
imu,1826,18.26013927
imu,1827,18.26998737
imu,1828,18.27983458
imu,1829,18.29002420
imu,1830,18.29992400
imu,1831,18.31004511
imu,1832,18.31990049
imu,1833,18.33014411
imu,1834,18.34008937
imu,1835,18.35009053
imu,1836,18.35999787
imu,1837,18.36991231
imu,1838,18.38004448
imu,1839,18.39001607
imu,1840,18.39994757
imu,1841,18.40998529
imu,1842,18.42000904
imu,1843,18.43000512
imu,1844,18.43995945
imu,1845,18.44998215
imu,1846,18.45991183
imu,1847,18.47001901
imu,1848,18.48002311
imu,1849,18.48999153
imu,1850,18.50009323
imu,1851,18.51006068
imu,1852,18.52002519
imu,1853,18.53022248
imu,1854,18.53994655
imu,1855,18.54993465
imu,1856,18.55994980
imu,1857,18.57004782
imu,1858,18.57993707
imu,1859,18.58998437
imu,1860,18.60002719
imu,1861,18.60996300
imu,1862,18.61999818
imu,1863,18.63014458
imu,1864,18.63998050
imu,1865,18.64977453
imu,1866,18.66010461
imu,1867,18.67000848
imu,1868,18.68004209
imu,1869,18.69004211
imu,1870,18.70014482
imu,1871,18.71000063
imu,1872,18.71999722
imu,1873,18.73017106
imu,1874,18.73998750
imu,1875,18.75008682
imu,1876,18.75996270
imu,1877,18.76989444
imu,1878,18.77995697
imu,1879,18.78994830
imu,1880,18.80005400
imu,1881,18.81002066
imu,1882,18.81995011
imu,1883,18.82990999
imu,1884,18.83999716
imu,1885,18.84998666
imu,1886,18.85987351
imu,1887,18.86993341
imu,1888,18.88002188
imu,1889,18.88992501
imu,1890,18.89995438
imu,1891,18.90986569
imu,1892,18.91988076
imu,1893,18.93001112
imu,1894,18.93994398
imu,1895,18.94994479
imu,1896,18.96010929
imu,1897,18.97006530
imu,1898,18.98002961
imu,1899,18.99003441
imu,1900,18.99981785
imu,1901,19.00992459
imu,1902,19.02004650
imu,1903,19.02987540
imu,1904,19.04002309
imu,1905,19.05007019
imu,1906,19.06006765
imu,1907,19.06984443
imu,1908,19.08002251
imu,1909,19.08988412
imu,1910,19.09996020
imu,1911,19.10987895
imu,1912,19.12015250
imu,1913,19.12997758
imu,1914,19.13997404
imu,1915,19.14992782
imu,1916,19.16007069
imu,1917,19.17002143
imu,1918,19.18002170
imu,1919,19.19018064
imu,1920,19.20003246
imu,1921,19.21000101
imu,1922,19.22013206
imu,1923,19.22990939
imu,1924,19.24000806
imu,1925,19.25003227
imu,1926,19.25997294
imu,1927,19.26990209
imu,1928,19.28006206
imu,1929,19.28983863
imu,1930,19.29998411
imu,1931,19.30996502
imu,1932,19.32003555
imu,1933,19.33001754
imu,1934,19.34002058
imu,1935,19.35000958
imu,1936,19.35994195
imu,1937,19.36996818
imu,1938,19.37984467
imu,1939,19.39010453
imu,1940,19.40003389
imu,1941,19.40990955
imu,1942,19.42008760
imu,1943,19.42993154
imu,1944,19.44006586
imu,1945,19.44993360
imu,1946,19.45998201
imu,1947,19.46999791
imu,1948,19.47982958
imu,1949,19.48990447
imu,1950,19.49981378
imu,1951,19.50996823
imu,1952,19.52006372
imu,1953,19.53001043
imu,1954,19.53993922
imu,1955,19.55000111
imu,1956,19.55986791
imu,1957,19.57000105
imu,1958,19.58016612
imu,1959,19.58992622
imu,1960,19.60004556
imu,1961,19.60989093
imu,1962,19.61982659
imu,1963,19.63002850
imu,1964,19.64006542
imu,1965,19.65002614
imu,1966,19.66006297
imu,1967,19.66989042
imu,1968,19.67997143
imu,1969,19.68998265
imu,1970,19.69999772
imu,1971,19.70994331
imu,1972,19.71995566
imu,1973,19.73007782
imu,1974,19.73995832
imu,1975,19.74997394
imu,1976,19.75998935
imu,1977,19.76997583
imu,1978,19.77995146
imu,1979,19.79008585
imu,1980,19.80006032
imu,1981,19.81006321
imu,1982,19.81992077
imu,1983,19.83005758
imu,1984,19.83993327
imu,1985,19.85015394
imu,1986,19.86000670
imu,1987,19.86991046
imu,1988,19.88004959
imu,1989,19.88992879
imu,1990,19.89988062
imu,1991,19.90995887
imu,1992,19.91991061
imu,1993,19.92999597
imu,1994,19.94007617
imu,1995,19.94983465
imu,1996,19.96004571
imu,1997,19.96999090
imu,1998,19.98011924
imu,1999,19.98997157
imu,2000,20.00000176
imu,2001,20.01011982
imu,2002,20.02011950
imu,2003,20.02995747
imu,2004,20.04001334
imu,2005,20.04999802
imu,2006,20.05994121
imu,2007,20.06990918
imu,2008,20.08001570
imu,2009,20.09003579
imu,2010,20.09982888
imu,2011,20.10994657
imu,2012,20.12003660
imu,2013,20.13013291
imu,2014,20.14004073
imu,2015,20.15002958
imu,2016,20.16012507
imu,2017,20.17005305
imu,2018,20.18005616
imu,2019,20.18988406
imu,2020,20.19992103
imu,2021,20.21008678
imu,2022,20.21995707
imu,2023,20.22989439
imu,2024,20.24008538
imu,2025,20.24998535
imu,2026,20.25997302
imu,2027,20.26990628
imu,2028,20.28001787
imu,2029,20.28987946
imu,2030,20.30000247
imu,2031,20.31011576
imu,2032,20.32006697
imu,2033,20.32987268
imu,2034,20.33990718
imu,2035,20.35003093
imu,2036,20.36013912
imu,2037,20.37011864
imu,2038,20.37995198
imu,2039,20.39007572
imu,2040,20.39997663
imu,2041,20.41004373
imu,2042,20.42014261
imu,2043,20.42998210
imu,2044,20.44006894
imu,2045,20.45001067
imu,2046,20.45996503
imu,2047,20.46997919
imu,2048,20.48000449
imu,2049,20.48988000
imu,2050,20.50013600
imu,2051,20.50994488
imu,2052,20.52009463
imu,2053,20.52999231
imu,2054,20.54002944
imu,2055,20.54985896
imu,2056,20.56008434
imu,2057,20.56994610
imu,2058,20.58007823
imu,2059,20.58994726
imu,2060,20.60001399
imu,2061,20.60994536
imu,2062,20.62003229
imu,2063,20.63005615
imu,2064,20.64003953
imu,2065,20.65013289
imu,2066,20.66013523
imu,2067,20.66990332
imu,2068,20.67990221
imu,2069,20.68996778
imu,2070,20.69987907
imu,2071,20.70989046
imu,2072,20.72002548
imu,2073,20.73025889
imu,2074,20.74007618
imu,2075,20.74990460
imu,2076,20.76010028
imu,2077,20.77004844
imu,2078,20.78003898
imu,2079,20.78996634
imu,2080,20.80008211
imu,2081,20.81006623
imu,2082,20.82015344
imu,2083,20.82998115
imu,2084,20.83999465
imu,2085,20.84987136
imu,2086,20.86009581
imu,2087,20.87006815
imu,2088,20.87999182
imu,2089,20.88995665
imu,2090,20.89988656
imu,2091,20.90994257
imu,2092,20.91989783
imu,2093,20.93000645
imu,2094,20.94012219
imu,2095,20.94992288
imu,2096,20.95998085
imu,2097,20.96996801
imu,2098,20.97997477
imu,2099,20.99016057
imu,2100,20.99991487
imu,2101,21.01019496
imu,2102,21.02000778
imu,2103,21.02998020
imu,2104,21.04004258
imu,2105,21.04988721
imu,2106,21.06012310
imu,2107,21.06994659
imu,2108,21.08004949
imu,2109,21.08998302
imu,2110,21.10000021
imu,2111,21.11004806
imu,2112,21.11990765
imu,2113,21.13001883
imu,2114,21.14010772
imu,2115,21.14996139
imu,2116,21.16001923
imu,2117,21.16994120
imu,2118,21.18020248
imu,2119,21.18997525
imu,2120,21.20002216
imu,2121,21.21005932
imu,2122,21.22000087
imu,2123,21.23006792
imu,2124,21.23998757
imu,2125,21.24991688
imu,2126,21.25983305
imu,2127,21.26988635
imu,2128,21.28013146
imu,2129,21.28994026
imu,2130,21.30001359
imu,2131,21.31002326
imu,2132,21.32008087
imu,2133,21.32994724
imu,2134,21.34003303
imu,2135,21.34992252
imu,2136,21.36005487
imu,2137,21.37007550
imu,2138,21.37991563
imu,2139,21.38988339
imu,2140,21.40007651
imu,2141,21.40996370
imu,2142,21.41993964
imu,2143,21.42989495
imu,2144,21.43992038
imu,2145,21.44988902
imu,2146,21.45999099
imu,2147,21.47019743
imu,2148,21.47998570
imu,2149,21.49003303
imu,2150,21.49983485
imu,2151,21.51007988
imu,2152,21.52030360
imu,2153,21.52998477
imu,2154,21.53991933
imu,2155,21.55004268
imu,2156,21.56009441
imu,2157,21.56983387
imu,2158,21.57996113
imu,2159,21.59010082
imu,2160,21.60008016
imu,2161,21.60996458
imu,2162,21.61992816
imu,2163,21.62993519
imu,2164,21.64001633
imu,2165,21.65004275
imu,2166,21.66014710
imu,2167,21.66998530
imu,2168,21.68013368
imu,2169,21.68992048
imu,2170,21.70008576
imu,2171,21.70997245
imu,2172,21.72003178
imu,2173,21.72982359
imu,2174,21.73996277
imu,2175,21.74994472
imu,2176,21.75986333
imu,2177,21.77015145
imu,2178,21.77988597
imu,2179,21.78987217
imu,2180,21.80000271
imu,2181,21.80998210
imu,2182,21.82009924
imu,2183,21.82995489
imu,2184,21.83997256
imu,2185,21.85004011
imu,2186,21.86004191
imu,2187,21.86995655
imu,2188,21.87989412
imu,2189,21.88991546
imu,2190,21.90001923
imu,2191,21.90993778
imu,2192,21.92000824
imu,2193,21.93005253
imu,2194,21.94009270
imu,2195,21.95002029
imu,2196,21.96010998
imu,2197,21.96987963
imu,2198,21.97986659
imu,2199,21.98997614
imu,2200,22.00006321
imu,2201,22.00987349
imu,2202,22.02006327
imu,2203,22.02995942
imu,2204,22.03993605
imu,2205,22.05001010
imu,2206,22.05994975
imu,2207,22.06978071
imu,2208,22.08002865
imu,2209,22.09014185
imu,2210,22.09994012
imu,2211,22.10999405
imu,2212,22.11995957
imu,2213,22.12998266
imu,2214,22.14012738
imu,2215,22.15000514
imu,2216,22.15988048
imu,2217,22.16990078
imu,2218,22.17996981
imu,2219,22.18991478
imu,2220,22.19996845
imu,2221,22.20992094
imu,2222,22.21998509
imu,2223,22.22995868
imu,2224,22.24001741
imu,2225,22.25004124
imu,2226,22.25995615
imu,2227,22.26995261
imu,2228,22.27987620
imu,2229,22.28999209
imu,2230,22.30006632
imu,2231,22.31003665
imu,2232,22.32005484
imu,2233,22.33015611
imu,2234,22.33994048
imu,2235,22.35005523
imu,2236,22.35987729
imu,2237,22.37009324
imu,2238,22.38004143
imu,2239,22.39014698
imu,2240,22.40002417
imu,2241,22.41012447
imu,2242,22.42003365
imu,2243,22.42998499
imu,2244,22.44005042
imu,2245,22.45003095
imu,2246,22.46004295
imu,2247,22.46999380
imu,2248,22.48005781
imu,2249,22.48990845
imu,2250,22.50002069
imu,2251,22.50993352
imu,2252,22.52002655
imu,2253,22.53010193
imu,2254,22.53991191
imu,2255,22.55000637
imu,2256,22.55993397
imu,2257,22.56989747
imu,2258,22.58007129
imu,2259,22.59007277
imu,2260,22.59989217
imu,2261,22.61016579
imu,2262,22.61993045
imu,2263,22.62993025
imu,2264,22.64000572
imu,2265,22.64988872
imu,2266,22.65994889
imu,2267,22.66996019
imu,2268,22.67997365
imu,2269,22.69005518
imu,2270,22.70007313
imu,2271,22.70995758
imu,2272,22.71999574
imu,2273,22.72998575
imu,2274,22.74007402
imu,2275,22.75015311
imu,2276,22.76004800
imu,2277,22.76999608
imu,2278,22.77988841
imu,2279,22.78986452
imu,2280,22.80006338
imu,2281,22.80996396
imu,2282,22.81989971
imu,2283,22.82995547
imu,2284,22.84006117
imu,2285,22.85007287
imu,2286,22.85983929
imu,2287,22.87007294
imu,2288,22.88009654
imu,2289,22.88993806
imu,2290,22.89993374
imu,2291,22.90999945
imu,2292,22.92002461
imu,2293,22.92995454
imu,2294,22.93986989
imu,2295,22.95015225
imu,2296,22.96003434
imu,2297,22.96998034
imu,2298,22.98003256
imu,2299,22.99001099
imu,2300,22.99989818
imu,2301,23.01006033
imu,2302,23.01995920
imu,2303,23.03014030
imu,2304,23.04006254
imu,2305,23.04994142
imu,2306,23.05992673
imu,2307,23.06998467
imu,2308,23.08008012
imu,2309,23.09004137
imu,2310,23.09991305
imu,2311,23.10998129
imu,2312,23.12005323
imu,2313,23.12992337
imu,2314,23.13990473
imu,2315,23.14995261
imu,2316,23.16002141
imu,2317,23.16990028
imu,2318,23.17999143
imu,2319,23.19002807
imu,2320,23.19999470
imu,2321,23.21015077
imu,2322,23.21994632
imu,2323,23.23016341
imu,2324,23.24006429
imu,2325,23.24991122
imu,2326,23.25985204
imu,2327,23.26992937
imu,2328,23.27991321
imu,2329,23.28986070
imu,2330,23.29988384
imu,2331,23.30997310
imu,2332,23.32004252
imu,2333,23.33004119
imu,2334,23.34000229
imu,2335,23.34995385
imu,2336,23.35994539
imu,2337,23.36996926
imu,2338,23.37986878
imu,2339,23.38999517
imu,2340,23.39989092
imu,2341,23.40991495
imu,2342,23.41995527
imu,2343,23.42996080
imu,2344,23.43993701
imu,2345,23.44990818
imu,2346,23.45988900
imu,2347,23.46998253
imu,2348,23.48012269
imu,2349,23.48996303
imu,2350,23.50004235
imu,2351,23.50994999
imu,2352,23.51995934
imu,2353,23.52999236
imu,2354,23.53993246
imu,2355,23.55003544
imu,2356,23.55994359
imu,2357,23.57004078
imu,2358,23.58005092
imu,2359,23.58993278
imu,2360,23.59995179
imu,2361,23.60995908
imu,2362,23.61998594
imu,2363,23.62990427
imu,2364,23.63990108
imu,2365,23.64990768
imu,2366,23.65996337
imu,2367,23.67006862
imu,2368,23.67998777
imu,2369,23.68999588
imu,2370,23.70003502
imu,2371,23.71000356
imu,2372,23.71995958
imu,2373,23.73000215
imu,2374,23.73994006
imu,2375,23.75009800
imu,2376,23.76008255
imu,2377,23.77008796
imu,2378,23.78018018
imu,2379,23.78992140
imu,2380,23.80001273
imu,2381,23.80993137
imu,2382,23.82002000
imu,2383,23.82988242
imu,2384,23.83989102
imu,2385,23.84990408
imu,2386,23.86006445
imu,2387,23.86988244
imu,2388,23.87998029
imu,2389,23.89009190
imu,2390,23.90001116
imu,2391,23.90994869
imu,2392,23.92004016
imu,2393,23.92996802
imu,2394,23.93988226
imu,2395,23.95000037
imu,2396,23.95990608
imu,2397,23.97007992
imu,2398,23.97980777
imu,2399,23.98993584
imu,2400,23.99989971
imu,2401,24.00992526
imu,2402,24.02012387
imu,2403,24.03003240
imu,2404,24.04002659
imu,2405,24.05000515
imu,2406,24.05997146
imu,2407,24.06990501
imu,2408,24.08000529
imu,2409,24.08993828
imu,2410,24.09999831
imu,2411,24.11007661
imu,2412,24.12012062
imu,2413,24.12994443
imu,2414,24.13997845
imu,2415,24.14995425
imu,2416,24.16010664
imu,2417,24.16995971
imu,2418,24.17998669
imu,2419,24.19001316
imu,2420,24.20005779
imu,2421,24.20991461
imu,2422,24.22009093
imu,2423,24.23009971
imu,2424,24.23991142
imu,2425,24.24999935
imu,2426,24.25996370
imu,2427,24.27004817
imu,2428,24.28002583
imu,2429,24.28994327
imu,2430,24.29995209
imu,2431,24.31009303
imu,2432,24.32008866
imu,2433,24.33013865
imu,2434,24.34003047
imu,2435,24.35005463
imu,2436,24.36003376
imu,2437,24.37003430
imu,2438,24.37991847
imu,2439,24.39002858
imu,2440,24.40006562
imu,2441,24.41003003
imu,2442,24.41993074
imu,2443,24.42995494
imu,2444,24.43987732
imu,2445,24.45002064
imu,2446,24.46013311
imu,2447,24.47009551
imu,2448,24.47986132
imu,2449,24.48993115
imu,2450,24.50001807
imu,2451,24.51002577
imu,2452,24.51996821
imu,2453,24.53002115
imu,2454,24.53994475
imu,2455,24.54994631
imu,2456,24.55980089
imu,2457,24.56994689
imu,2458,24.57993441
imu,2459,24.59003491
imu,2460,24.60014991
imu,2461,24.60992016
imu,2462,24.62011640
imu,2463,24.63003590
imu,2464,24.64002889
imu,2465,24.65003747
imu,2466,24.65990589
imu,2467,24.67009167
imu,2468,24.68007809
imu,2469,24.68996379
imu,2470,24.69998912
imu,2471,24.70987339
imu,2472,24.71982784
imu,2473,24.72986365
imu,2474,24.73996987
imu,2475,24.74996701
imu,2476,24.76001979
imu,2477,24.77004266
imu,2478,24.77990509
imu,2479,24.78994365
imu,2480,24.80005584
imu,2481,24.81001854
imu,2482,24.82008718
imu,2483,24.82989178
imu,2484,24.83999316
imu,2485,24.85007265
imu,2486,24.85998773
imu,2487,24.86986080
imu,2488,24.88009092
imu,2489,24.89004400
imu,2490,24.90005369
imu,2491,24.90993337
imu,2492,24.91992291
imu,2493,24.92993910
imu,2494,24.93984974
imu,2495,24.95002619
imu,2496,24.95995505
imu,2497,24.97001024
imu,2498,24.97998562
imu,2499,24.99004296
imu,2500,24.99996496
imu,2501,25.00997434
imu,2502,25.02012189
imu,2503,25.02996308
imu,2504,25.03989974
imu,2505,25.05002399
imu,2506,25.05995620
imu,2507,25.06995479
imu,2508,25.07993312
imu,2509,25.09000156
imu,2510,25.10010482
imu,2511,25.10999535
imu,2512,25.11996642
imu,2513,25.13008721
imu,2514,25.14001524
imu,2515,25.14996882
imu,2516,25.15991964
imu,2517,25.17001828
imu,2518,25.18002453
imu,2519,25.18979103
imu,2520,25.20000963
imu,2521,25.21005556
imu,2522,25.22018026
imu,2523,25.23011019
imu,2524,25.23991687
imu,2525,25.25006210
imu,2526,25.25990680
imu,2527,25.27005043
imu,2528,25.27991086
imu,2529,25.28991549
imu,2530,25.30004622
imu,2531,25.31000516
imu,2532,25.31995495
imu,2533,25.33002291
imu,2534,25.33993463
imu,2535,25.35001351
imu,2536,25.35993655
imu,2537,25.36973997
imu,2538,25.37995620
imu,2539,25.39002459
imu,2540,25.40003473
imu,2541,25.41007100
imu,2542,25.42007952
imu,2543,25.42989630
imu,2544,25.43998042
imu,2545,25.44997129
imu,2546,25.45997971
imu,2547,25.46999766
imu,2548,25.47994474
imu,2549,25.49002829
imu,2550,25.49986602
imu,2551,25.51006456
imu,2552,25.52008074
imu,2553,25.53006096
imu,2554,25.54003714
imu,2555,25.55001043
imu,2556,25.56006867
imu,2557,25.57009144
imu,2558,25.58006698
imu,2559,25.58997048
imu,2560,25.60007197
imu,2561,25.61000064
imu,2562,25.61992164
imu,2563,25.62995588
imu,2564,25.63994941
imu,2565,25.64995591
imu,2566,25.66001832
imu,2567,25.67006699
imu,2568,25.67985657
imu,2569,25.68996564
imu,2570,25.69997046
imu,2571,25.70993269
imu,2572,25.72000458
imu,2573,25.72999801
imu,2574,25.73998197
imu,2575,25.75007672
imu,2576,25.75992381
imu,2577,25.76998181
imu,2578,25.78011446
imu,2579,25.79001777
imu,2580,25.79994550
imu,2581,25.81000131
imu,2582,25.81998870
imu,2583,25.83004021
imu,2584,25.83996072
imu,2585,25.85000354
imu,2586,25.85993679
imu,2587,25.86987687
imu,2588,25.87983379
imu,2589,25.89003478
imu,2590,25.90016258
imu,2591,25.90997907
imu,2592,25.92004600
imu,2593,25.92999718
imu,2594,25.93993476
imu,2595,25.94991179
imu,2596,25.95985503
imu,2597,25.97001678
imu,2598,25.97995199
imu,2599,25.99011337
imu,2600,26.00008581
imu,2601,26.00987459
imu,2602,26.01990284
imu,2603,26.03003210
imu,2604,26.03991888
imu,2605,26.05013705
imu,2606,26.05998027
imu,2607,26.06997093
imu,2608,26.07990894
imu,2609,26.09010448
imu,2610,26.09996527
imu,2611,26.10987308
imu,2612,26.12005586
imu,2613,26.12996986
imu,2614,26.14002039
imu,2615,26.14999623
imu,2616,26.15993961
imu,2617,26.17012823
imu,2618,26.17995037
imu,2619,26.19002223
imu,2620,26.20003049
imu,2621,26.21015951
imu,2622,26.21988488
imu,2623,26.22999867
imu,2624,26.24007326
imu,2625,26.25011823
imu,2626,26.26002301
imu,2627,26.26992468
imu,2628,26.28004015
imu,2629,26.29001064
imu,2630,26.30000264
imu,2631,26.30978176
imu,2632,26.31996229
imu,2633,26.32988460
imu,2634,26.34003976
imu,2635,26.34997415
imu,2636,26.35988783
imu,2637,26.37002890
imu,2638,26.38000558
imu,2639,26.39005977
imu,2640,26.39997698
imu,2641,26.40994301
imu,2642,26.42000361
imu,2643,26.43008657
imu,2644,26.43994504
imu,2645,26.44997493
imu,2646,26.45988523
imu,2647,26.46987515
imu,2648,26.47987889
imu,2649,26.48998228
imu,2650,26.50002056
imu,2651,26.51005926
imu,2652,26.52001821
imu,2653,26.52996348
imu,2654,26.54008824
imu,2655,26.54990219
imu,2656,26.56009746
imu,2657,26.56993359
imu,2658,26.58006336
imu,2659,26.59001224
imu,2660,26.59993292
imu,2661,26.61005595
imu,2662,26.61994367
imu,2663,26.62997218
imu,2664,26.63997910
imu,2665,26.64994590
imu,2666,26.66007186
imu,2667,26.66998544
imu,2668,26.68003324
imu,2669,26.68994453
imu,2670,26.69991302
imu,2671,26.70988033
imu,2672,26.72006808
imu,2673,26.72993507
imu,2674,26.73995964
imu,2675,26.74984026
imu,2676,26.76016715
imu,2677,26.77014786
imu,2678,26.77990482
imu,2679,26.79007921
imu,2680,26.80007994
imu,2681,26.81005276
imu,2682,26.82010011
imu,2683,26.83022886
imu,2684,26.83992695
imu,2685,26.85001287
imu,2686,26.86001501
imu,2687,26.86997687
imu,2688,26.87992626
imu,2689,26.89005526
imu,2690,26.89986979
imu,2691,26.90985615
imu,2692,26.91985006
imu,2693,26.92996417
imu,2694,26.94010646
imu,2695,26.94998841
imu,2696,26.95988460
imu,2697,26.97001861
imu,2698,26.97999624
imu,2699,26.98999450
imu,2700,26.99997134
imu,2701,27.00993342
imu,2702,27.02001840
imu,2703,27.03009364
imu,2704,27.03994853
imu,2705,27.05012338
imu,2706,27.05999140
imu,2707,27.07004205
imu,2708,27.08004034
imu,2709,27.09001550
imu,2710,27.09999217
imu,2711,27.10986813
imu,2712,27.12007007
imu,2713,27.13006472
imu,2714,27.13999890
imu,2715,27.14988936
imu,2716,27.15999599
imu,2717,27.17006049
imu,2718,27.17994849
imu,2719,27.18994101
imu,2720,27.20006377
imu,2721,27.21004428
imu,2722,27.21996663
imu,2723,27.22986691
imu,2724,27.24011538
imu,2725,27.25011255
imu,2726,27.26005852
imu,2727,27.27004377
imu,2728,27.27997296
imu,2729,27.28999489
imu,2730,27.29986834
imu,2731,27.30984947
imu,2732,27.31989178
imu,2733,27.33007926
imu,2734,27.33996994
imu,2735,27.35004489
imu,2736,27.35997564
imu,2737,27.36995486
imu,2738,27.37987063
imu,2739,27.39000246
imu,2740,27.40007025
imu,2741,27.40991591
imu,2742,27.42012002
imu,2743,27.42993254
imu,2744,27.43996641
imu,2745,27.44993844
imu,2746,27.45995636
imu,2747,27.47007538
imu,2748,27.48005014
imu,2749,27.49000212
imu,2750,27.50015299
imu,2751,27.50990421
imu,2752,27.52000165
imu,2753,27.52988413
imu,2754,27.54002497
imu,2755,27.54986123
imu,2756,27.56002026
imu,2757,27.57003362
imu,2758,27.58015422
imu,2759,27.58999031
imu,2760,27.60014844
imu,2761,27.60985532
imu,2762,27.62008614
imu,2763,27.62983537
imu,2764,27.63997179
imu,2765,27.64987800
imu,2766,27.66011563
imu,2767,27.66991315
imu,2768,27.67996211
imu,2769,27.68997785
imu,2770,27.69994861
imu,2771,27.70993398
imu,2772,27.72004474
imu,2773,27.73001864
imu,2774,27.73983443
imu,2775,27.74988185
imu,2776,27.75999792
imu,2777,27.77005089
imu,2778,27.78001137
imu,2779,27.78996714
imu,2780,27.80002229
imu,2781,27.81003469
imu,2782,27.82010734
imu,2783,27.82993746
imu,2784,27.83995748
imu,2785,27.84997440
imu,2786,27.86014912
imu,2787,27.86998761
imu,2788,27.88020426
imu,2789,27.88992487
imu,2790,27.90004617
imu,2791,27.90999505
imu,2792,27.92005138
imu,2793,27.93002269
imu,2794,27.93989068
imu,2795,27.95002819
imu,2796,27.96010077
imu,2797,27.97010275
imu,2798,27.97997301
imu,2799,27.98989133
imu,2800,27.99991830
imu,2801,28.00997704
imu,2802,28.01985245
imu,2803,28.02998584
imu,2804,28.04006361
imu,2805,28.04993343
imu,2806,28.06013606
imu,2807,28.06993439
imu,2808,28.08016649
imu,2809,28.08992981
imu,2810,28.10000588
imu,2811,28.10996487
imu,2812,28.12002325
imu,2813,28.12995521
imu,2814,28.14000676
imu,2815,28.14989109
imu,2816,28.16006919
imu,2817,28.16992641
imu,2818,28.17990114
imu,2819,28.19008000
imu,2820,28.20002471
imu,2821,28.20998224
imu,2822,28.22008421
imu,2823,28.22987696
imu,2824,28.23988285
imu,2825,28.25007419
imu,2826,28.26008067
imu,2827,28.27007240
imu,2828,28.27991761
imu,2829,28.29014401
imu,2830,28.29990177
imu,2831,28.31009262
imu,2832,28.31998527
imu,2833,28.33008969
imu,2834,28.34002179
imu,2835,28.34999373
imu,2836,28.35993762
imu,2837,28.37013562
imu,2838,28.38019762
imu,2839,28.38991242
imu,2840,28.40012289
imu,2841,28.40993739
imu,2842,28.42020227
imu,2843,28.43007633
imu,2844,28.43997274
imu,2845,28.44982220
imu,2846,28.45997334
imu,2847,28.47006131
imu,2848,28.47993247
imu,2849,28.49003345
imu,2850,28.50015911
imu,2851,28.51002374
imu,2852,28.52007231
imu,2853,28.52993521
imu,2854,28.53983708
imu,2855,28.54998468
imu,2856,28.55996059
imu,2857,28.56997184
imu,2858,28.58019400
imu,2859,28.59013530
imu,2860,28.59985464
imu,2861,28.61007294
imu,2862,28.62012082
imu,2863,28.62993804
imu,2864,28.63988369
imu,2865,28.65012777
imu,2866,28.66011198
imu,2867,28.66997291
imu,2868,28.67994958
imu,2869,28.69005062
imu,2870,28.70001898
imu,2871,28.71001901
imu,2872,28.72002946
imu,2873,28.72989775
imu,2874,28.74009598
imu,2875,28.74994276
imu,2876,28.76011824
imu,2877,28.76999941
imu,2878,28.78006724
imu,2879,28.78998515
imu,2880,28.80008129
imu,2881,28.80999952
imu,2882,28.81994176
imu,2883,28.83000374
imu,2884,28.84009173
imu,2885,28.85004201
imu,2886,28.86012770
imu,2887,28.86996324
imu,2888,28.88005412
imu,2889,28.88995466
imu,2890,28.89997609
imu,2891,28.91002862
imu,2892,28.91991369
imu,2893,28.93001738
imu,2894,28.93995237
imu,2895,28.95008514
imu,2896,28.96007259
imu,2897,28.97007012
imu,2898,28.97994194
imu,2899,28.98994889
imu,2900,28.99997512
imu,2901,29.01014033
imu,2902,29.02003052
imu,2903,29.03004548
imu,2904,29.03996140
imu,2905,29.04998838
imu,2906,29.05998134
imu,2907,29.07017026
imu,2908,29.08005311
imu,2909,29.08991029
imu,2910,29.09997166
imu,2911,29.10988817
imu,2912,29.11992461
imu,2913,29.12988226
imu,2914,29.13998042
imu,2915,29.15003285
imu,2916,29.16004488
imu,2917,29.16993189
imu,2918,29.17979720
imu,2919,29.18995867
imu,2920,29.20003865
imu,2921,29.20993337
imu,2922,29.21999015
imu,2923,29.23004819
imu,2924,29.23979599
imu,2925,29.25001212
imu,2926,29.26001464
imu,2927,29.27017916
imu,2928,29.27975894
imu,2929,29.29000140
imu,2930,29.30018296
imu,2931,29.30994976
imu,2932,29.32000320
imu,2933,29.33003778
imu,2934,29.34006156
imu,2935,29.35008401
imu,2936,29.35998965
imu,2937,29.37011090
imu,2938,29.38001268
imu,2939,29.38992407
imu,2940,29.40000076
imu,2941,29.40991770
imu,2942,29.42011940
imu,2943,29.43013499
imu,2944,29.44001550
imu,2945,29.45002536
imu,2946,29.45992376
imu,2947,29.46996907
imu,2948,29.47992695
imu,2949,29.48990044
imu,2950,29.50003502
imu,2951,29.50989611
imu,2952,29.52008692
imu,2953,29.53001072
imu,2954,29.53997880
imu,2955,29.55004272
imu,2956,29.56007529
imu,2957,29.56987846
imu,2958,29.58000543
imu,2959,29.59000861
imu,2960,29.59985776
imu,2961,29.61002119
imu,2962,29.61992281
imu,2963,29.63005001
imu,2964,29.64004118
imu,2965,29.64994447
imu,2966,29.66006219
imu,2967,29.66996724
imu,2968,29.68008946
imu,2969,29.69012989
imu,2970,29.69995631
imu,2971,29.70993180
imu,2972,29.71997324
imu,2973,29.72987501
imu,2974,29.74002195
imu,2975,29.74999960
imu,2976,29.76014967
imu,2977,29.76992024
imu,2978,29.77988137
imu,2979,29.79008497
imu,2980,29.79999736
imu,2981,29.81003759
imu,2982,29.82010448
imu,2983,29.82992433
imu,2984,29.83996124
imu,2985,29.85010445
imu,2986,29.86001878
imu,2987,29.87006697
imu,2988,29.87999755
imu,2989,29.89002905
imu,2990,29.90000701
imu,2991,29.90992638
imu,2992,29.92001154
imu,2993,29.93003927
imu,2994,29.94010337
imu,2995,29.95003037
imu,2996,29.95991522
imu,2997,29.97007831
imu,2998,29.98002054
imu,2999,29.99006321
